-- Cities Import Script for Romania, Poland, Turkey, Lithuania, Spain
-- Run this after the main setup script

-- More Romanian cities
INSERT INTO cities (name, ascii_name, country_code, country_name, lat, lng, population, importance) VALUES
('Sibiu', 'Sibiu', 'RO', 'Romania', 45.7983, 24.1256, 147245, 0.6),
('Bacău', 'Bacau', 'RO', 'Romania', 46.5670, 26.9146, 144307, 0.6),
('Arad', 'Arad', 'RO', 'Romania', 46.1866, 21.3123, 159074, 0.6),
('Pitești', 'Pitesti', 'RO', 'Romania', 44.8565, 24.8691, 155383, 0.6),
('Târgu Mureș', 'Targu Mures', 'RO', 'Romania', 46.5386, 24.5514, 134290, 0.5),
('Baia Mare', 'Baia Mare', 'RO', 'Romania', 47.6567, 23.5850, 123738, 0.5),
('Buzău', 'Buzau', 'RO', 'Romania', 45.1500, 26.8333, 115494, 0.5),
('Botoșani', 'Botosani', 'RO', 'Romania', 47.7488, 26.6669, 106847, 0.5),
('Satu Mare', 'Satu Mare', 'RO', 'Romania', 47.7922, 22.8856, 102411, 0.5),
('Râmnicu Vâlcea', 'Ramnicu Valcea', 'RO', 'Romania', 45.0997, 24.3693, 98776, 0.5),
('Suceava', 'Suceava', 'RO', 'Romania', 47.6514, 26.2554, 92121, 0.5),
('Piatra Neamț', 'Piatra Neamt', 'RO', 'Romania', 46.9275, 26.3717, 85055, 0.4),
('Drobeta-Turnu Severin', 'Drobeta-Turnu Severin', 'RO', 'Romania', 44.6369, 22.6593, 92617, 0.4),
('Focșani', 'Focsani', 'RO', 'Romania', 45.6980, 27.1867, 79315, 0.4),
('Târgoviște', 'Targoviste', 'RO', 'Romania', 44.9256, 25.4569, 79610, 0.4),
('Târgu Jiu', 'Targu Jiu', 'RO', 'Romania', 45.0375, 23.2742, 82504, 0.4),
('Tulcea', 'Tulcea', 'RO', 'Romania', 45.1788, 28.8050, 73707, 0.4),
('Reșița', 'Resita', 'RO', 'Romania', 45.2989, 21.8892, 73282, 0.4),
('Bistrița', 'Bistrita', 'RO', 'Romania', 47.1323, 24.5007, 75076, 0.4),
('Alba Iulia', 'Alba Iulia', 'RO', 'Romania', 46.0667, 23.5833, 63536, 0.3),
('Giurgiu', 'Giurgiu', 'RO', 'Romania', 43.9037, 25.9699, 61353, 0.3),
('Deva', 'Deva', 'RO', 'Romania', 45.8833, 22.9000, 61123, 0.3),
('Hunedoara', 'Hunedoara', 'RO', 'Romania', 45.7500, 22.9000, 60525, 0.3),
('Zalău', 'Zalau', 'RO', 'Romania', 47.2000, 23.0500, 56202, 0.3),
('Sfântu Gheorghe', 'Sfantu Gheorghe', 'RO', 'Romania', 45.8667, 25.7833, 56006, 0.3),
('Vaslui', 'Vaslui', 'RO', 'Romania', 46.6333, 27.7333, 55407, 0.3),
('Roman', 'Roman', 'RO', 'Romania', 46.9167, 26.9333, 50713, 0.3),
('Călărași', 'Calarasi', 'RO', 'Romania', 44.2000, 27.3333, 65181, 0.3),
('Slatina', 'Slatina', 'RO', 'Romania', 44.4333, 24.3667, 70293, 0.3),
('Alexandria', 'Alexandria', 'RO', 'Romania', 43.9833, 25.3333, 45434, 0.3),
('Medgidia', 'Medgidia', 'RO', 'Romania', 44.2500, 28.2833, 43867, 0.3),
('Lugoj', 'Lugoj', 'RO', 'Romania', 45.6833, 21.9000, 40361, 0.3),
('Medias', 'Medias', 'RO', 'Romania', 46.1667, 24.3500, 47204, 0.3),
('Onești', 'Onesti', 'RO', 'Romania', 46.2500, 26.7667, 39172, 0.3),
('Miercurea Ciuc', 'Miercurea Ciuc', 'RO', 'Romania', 46.3581, 25.8014, 38966, 0.3),
('Mangalia', 'Mangalia', 'RO', 'Romania', 43.8167, 28.5833, 36364, 0.2),
('Câmpina', 'Campina', 'RO', 'Romania', 45.1167, 25.7333, 31860, 0.2),
('Câmpulung', 'Campulung', 'RO', 'Romania', 45.2667, 25.0500, 31767, 0.2),
('Mioveni', 'Mioveni', 'RO', 'Romania', 44.9500, 24.9333, 31091, 0.2),
('Caracal', 'Caracal', 'RO', 'Romania', 44.1167, 24.3500, 30954, 0.2),
('Săcele', 'Sacele', 'RO', 'Romania', 45.6167, 25.6833, 30798, 0.2),
('Fetești', 'Fetesti', 'RO', 'Romania', 44.3833, 27.8333, 30217, 0.2),
('Sighișoara', 'Sighisoara', 'RO', 'Romania', 46.2167, 24.7833, 28102, 0.2),
('Borșa', 'Borsa', 'RO', 'Romania', 47.6547, 24.6639, 27247, 0.2),
('Rădăuți', 'Radauti', 'RO', 'Romania', 47.8500, 25.9167, 23822, 0.2),
('Tecuci', 'Tecuci', 'RO', 'Romania', 45.8500, 27.4333, 34871, 0.2),
('Roșiori de Vede', 'Rosiori de Vede', 'RO', 'Romania', 44.1000, 24.9833, 27416, 0.2),

-- Polish cities
('Warszawa', 'Warsaw', 'PL', 'Poland', 52.2297, 21.0122, 1790658, 1.0),
('Kraków', 'Krakow', 'PL', 'Poland', 50.0647, 19.9450, 779115, 0.9),
('Łódź', 'Lodz', 'PL', 'Poland', 51.7592, 19.4560, 677286, 0.9),
('Wrocław', 'Wroclaw', 'PL', 'Poland', 51.1079, 17.0385, 643782, 0.9),
('Poznań', 'Poznan', 'PL', 'Poland', 52.4069, 16.9299, 532048, 0.8),
('Gdańsk', 'Gdansk', 'PL', 'Poland', 54.3520, 18.6466, 470633, 0.8),
('Szczecin', 'Szczecin', 'PL', 'Poland', 53.4285, 14.5528, 398255, 0.7),
('Bydgoszcz', 'Bydgoszcz', 'PL', 'Poland', 53.1235, 18.0084, 344091, 0.7),
('Lublin', 'Lublin', 'PL', 'Poland', 51.2465, 22.5684, 338586, 0.7),
('Białystok', 'Bialystok', 'PL', 'Poland', 53.1325, 23.1688, 297288, 0.6),
('Katowice', 'Katowice', 'PL', 'Poland', 50.2649, 19.0238, 290553, 0.6),
('Gdynia', 'Gdynia', 'PL', 'Poland', 54.5189, 18.5305, 244104, 0.6),
('Częstochowa', 'Czestochowa', 'PL', 'Poland', 50.8118, 19.1203, 218089, 0.5),
('Radom', 'Radom', 'PL', 'Poland', 51.4027, 21.1471, 209296, 0.5),
('Sosnowiec', 'Sosnowiec', 'PL', 'Poland', 50.2863, 19.1040, 196038, 0.5),
('Toruń', 'Torun', 'PL', 'Poland', 53.0138, 18.5981, 199789, 0.5),
('Kielce', 'Kielce', 'PL', 'Poland', 50.8661, 20.6286, 192468, 0.5),
('Rzeszów', 'Rzeszow', 'PL', 'Poland', 50.0412, 22.0046, 195871, 0.5),
('Gliwice', 'Gliwice', 'PL', 'Poland', 50.2945, 18.6714, 175690, 0.4),
('Zabrze', 'Zabrze', 'PL', 'Poland', 50.3249, 18.7857, 170128, 0.4),
('Olsztyn', 'Olsztyn', 'PL', 'Poland', 53.7799, 20.4942, 171249, 0.4),
('Bielsko-Biała', 'Bielsko-Biala', 'PL', 'Poland', 49.8224, 19.0584, 169756, 0.4),
('Bytom', 'Bytom', 'PL', 'Poland', 50.3484, 18.9320, 163255, 0.4),
('Zielona Góra', 'Zielona Gora', 'PL', 'Poland', 51.9356, 15.5062, 140403, 0.4),
('Rybnik', 'Rybnik', 'PL', 'Poland', 50.1022, 18.5463, 137062, 0.4),
('Ruda Śląska', 'Ruda Slaska', 'PL', 'Poland', 50.2558, 18.8556, 135008, 0.4),
('Opole', 'Opole', 'PL', 'Poland', 50.6751, 17.9213, 127839, 0.3),
('Tychy', 'Tychy', 'PL', 'Poland', 50.1371, 18.9664, 126868, 0.3),
('Gorzów Wielkopolski', 'Gorzow Wielkopolski', 'PL', 'Poland', 52.7368, 15.2288, 122589, 0.3),
('Dąbrowa Górnicza', 'Dabrowa Gornicza', 'PL', 'Poland', 50.3217, 19.1949, 118285, 0.3),
('Elbląg', 'Elblag', 'PL', 'Poland', 54.1522, 19.4088, 117053, 0.3),
('Płock', 'Plock', 'PL', 'Poland', 52.5463, 19.7066, 117913, 0.3),
('Wałbrzych', 'Walbrzych', 'PL', 'Poland', 50.7714, 16.2844, 108072, 0.3),
('Włocławek', 'Wloclawek', 'PL', 'Poland', 52.6483, 19.0677, 107461, 0.3),
('Tarnów', 'Tarnow', 'PL', 'Poland', 50.0133, 20.9889, 107498, 0.3),
('Chorzów', 'Chorzow', 'PL', 'Poland', 50.2975, 18.9547, 106846, 0.3),
('Koszalin', 'Koszalin', 'PL', 'Poland', 54.1944, 16.1716, 106235, 0.3),
('Kalisz', 'Kalisz', 'PL', 'Poland', 51.7677, 18.0860, 99329, 0.3),
('Legnica', 'Legnica', 'PL', 'Poland', 51.2070, 16.1619, 98436, 0.3),
('Grudziądz', 'Grudziadz', 'PL', 'Poland', 53.4836, 18.7533, 93305, 0.3),

-- Turkish cities
('İstanbul', 'Istanbul', 'TR', 'Turkey', 41.0082, 28.9784, 15519267, 1.0),
('Ankara', 'Ankara', 'TR', 'Turkey', 39.9334, 32.8597, 5663322, 0.9),
('İzmir', 'Izmir', 'TR', 'Turkey', 38.4189, 27.1287, 4367251, 0.9),
('Bursa', 'Bursa', 'TR', 'Turkey', 40.1826, 29.0665, 3056120, 0.8),
('Antalya', 'Antalya', 'TR', 'Turkey', 36.8969, 30.7133, 2511700, 0.8),
('Adana', 'Adana', 'TR', 'Turkey', 37.0000, 35.3213, 2237940, 0.8),
('Konya', 'Konya', 'TR', 'Turkey', 37.8667, 32.4833, 2232374, 0.7),
('Gaziantep', 'Gaziantep', 'TR', 'Turkey', 37.0662, 37.3833, 2069364, 0.7),
('Şanlıurfa', 'Sanliurfa', 'TR', 'Turkey', 37.1591, 38.7969, 2035809, 0.7),
('Mersin', 'Mersin', 'TR', 'Turkey', 36.8000, 34.6333, 1840425, 0.7),
('Kocaeli', 'Kocaeli', 'TR', 'Turkey', 40.8533, 29.8815, 1953035, 0.7),
('Diyarbakır', 'Diyarbakir', 'TR', 'Turkey', 37.9144, 40.2306, 1756353, 0.6),
('Kayseri', 'Kayseri', 'TR', 'Turkey', 38.7312, 35.4787, 1407409, 0.6),
('Eskişehir', 'Eskisehir', 'TR', 'Turkey', 39.7767, 30.5206, 887475, 0.6),
('Samsun', 'Samsun', 'TR', 'Turkey', 41.2867, 36.3300, 1348542, 0.6),
('Denizli', 'Denizli', 'TR', 'Turkey', 37.7765, 29.0864, 1037208, 0.5),
('Malatya', 'Malatya', 'TR', 'Turkey', 38.3554, 38.3095, 800165, 0.5),
('Kahramanmaraş', 'Kahramanmaras', 'TR', 'Turkey', 37.5858, 36.9371, 1154102, 0.5),
('Erzurum', 'Erzurum', 'TR', 'Turkey', 39.9043, 41.2679, 762321, 0.5),
('Van', 'Van', 'TR', 'Turkey', 38.4942, 43.3831, 1136757, 0.5),
('Elazığ', 'Elazig', 'TR', 'Turkey', 38.6810, 39.2264, 591098, 0.4),
('Tekirdağ', 'Tekirdag', 'TR', 'Turkey', 40.9833, 27.5167, 1055412, 0.4),
('Manisa', 'Manisa', 'TR', 'Turkey', 38.6191, 27.4289, 1440611, 0.4),
('Batman', 'Batman', 'TR', 'Turkey', 37.8812, 41.1309, 608659, 0.4),
('Balıkesir', 'Balikesir', 'TR', 'Turkey', 39.6484, 27.8826, 1228620, 0.4),
('Trabzon', 'Trabzon', 'TR', 'Turkey', 41.0015, 39.7178, 808974, 0.4),
('Gebze', 'Gebze', 'TR', 'Turkey', 40.8028, 29.4305, 371000, 0.4),
('Sakarya', 'Sakarya', 'TR', 'Turkey', 40.6940, 30.4358, 1029650, 0.4),
('Kütahya', 'Kutahya', 'TR', 'Turkey', 39.4242, 29.9833, 578640, 0.3),
('Isparta', 'Isparta', 'TR', 'Turkey', 37.7648, 30.5566, 444914, 0.3),
('Tarsus', 'Tarsus', 'TR', 'Turkey', 36.9184, 34.8959, 342810, 0.3),
('Çorum', 'Corum', 'TR', 'Turkey', 40.5506, 34.9556, 525180, 0.3),
('Edirne', 'Edirne', 'TR', 'Turkey', 41.6818, 26.5623, 413255, 0.3),
('Ordu', 'Ordu', 'TR', 'Turkey', 40.9839, 37.8764, 761400, 0.3),
('Afyonkarahisar', 'Afyonkarahisar', 'TR', 'Turkey', 38.7507, 30.5567, 736912, 0.3),
('Aksaray', 'Aksaray', 'TR', 'Turkey', 38.3687, 34.0370, 416367, 0.3),
('Uşak', 'Usak', 'TR', 'Turkey', 38.6823, 29.4082, 370509, 0.3),
('Düzce', 'Duzce', 'TR', 'Turkey', 40.8438, 31.1565, 392166, 0.3),

-- Lithuanian cities
('Vilnius', 'Vilnius', 'LT', 'Lithuania', 54.6872, 25.2797, 580020, 1.0),
('Kaunas', 'Kaunas', 'LT', 'Lithuania', 54.8985, 23.9036, 289380, 0.8),
('Klaipėda', 'Klaipeda', 'LT', 'Lithuania', 55.7033, 21.1443, 149116, 0.7),
('Šiauliai', 'Siauliai', 'LT', 'Lithuania', 55.9349, 23.3136, 101883, 0.6),
('Panevėžys', 'Panevezys', 'LT', 'Lithuania', 55.7348, 24.3574, 85885, 0.5),
('Alytus', 'Alytus', 'LT', 'Lithuania', 54.3963, 24.0459, 49888, 0.4),
('Marijampolė', 'Marijampole', 'LT', 'Lithuania', 54.5596, 23.3537, 34968, 0.3),
('Mažeikiai', 'Mazeikiai', 'LT', 'Lithuania', 56.3092, 22.3414, 32470, 0.3),
('Jonava', 'Jonava', 'LT', 'Lithuania', 55.0833, 24.2833, 26427, 0.3),
('Utena', 'Utena', 'LT', 'Lithuania', 55.4976, 25.6027, 25392, 0.3),
('Kėdainiai', 'Kedainiai', 'LT', 'Lithuania', 55.2883, 23.9739, 22693, 0.3),
('Tauragė', 'Taurage', 'LT', 'Lithuania', 55.2522, 22.2897, 21203, 0.2),
('Telšiai', 'Telsiai', 'LT', 'Lithuania', 55.9814, 22.2473, 21499, 0.2),
('Visaginas', 'Visaginas', 'LT', 'Lithuania', 55.5969, 26.4172, 18541, 0.2),
('Ukmergė', 'Ukmerge', 'LT', 'Lithuania', 55.2500, 24.7500, 17892, 0.2),
('Plungė', 'Plunge', 'LT', 'Lithuania', 55.9114, 21.8456, 16802, 0.2),
('Palanga', 'Palanga', 'LT', 'Lithuania', 55.9175, 21.0686, 15732, 0.2),
('Kretinga', 'Kretinga', 'LT', 'Lithuania', 55.8896, 21.2447, 15625, 0.2),
('Šilutė', 'Silute', 'LT', 'Lithuania', 55.3500, 21.4667, 15079, 0.2),
('Radviliškis', 'Radviliskis', 'LT', 'Lithuania', 55.8167, 23.5333, 14584, 0.2),
('Druskininkai', 'Druskininkai', 'LT', 'Lithuania', 54.0167, 23.9667, 11447, 0.2),
('Rokiškis', 'Rokiskis', 'LT', 'Lithuania', 55.9670, 25.5906, 11351, 0.2),
('Gargždai', 'Gargzdai', 'LT', 'Lithuania', 55.7127, 21.3939, 11294, 0.2),
('Biržai', 'Birzai', 'LT', 'Lithuania', 56.2000, 24.7500, 10696, 0.2),
('Elektrėnai', 'Elektrenai', 'LT', 'Lithuania', 54.7667, 24.6667, 10535, 0.2),

-- Spanish cities
('Madrid', 'Madrid', 'ES', 'Spain', 40.4168, -3.7038, 3305408, 1.0),
('Barcelona', 'Barcelona', 'ES', 'Spain', 41.3851, 2.1734, 1636193, 0.9),
('Valencia', 'Valencia', 'ES', 'Spain', 39.4699, -0.3763, 794288, 0.8),
('Sevilla', 'Seville', 'ES', 'Spain', 37.3891, -5.9845, 688592, 0.8),
('Zaragoza', 'Zaragoza', 'ES', 'Spain', 41.6488, -0.8891, 681877, 0.7),
('Málaga', 'Malaga', 'ES', 'Spain', 36.7213, -4.4214, 574654, 0.7),
('Murcia', 'Murcia', 'ES', 'Spain', 37.9922, -1.1307, 453258, 0.6),
('Palma', 'Palma de Mallorca', 'ES', 'Spain', 39.5696, 2.6502, 416065, 0.6),
('Las Palmas', 'Las Palmas', 'ES', 'Spain', 28.1235, -15.4363, 379925, 0.6),
('Bilbao', 'Bilbao', 'ES', 'Spain', 43.2630, -2.9350, 346843, 0.6),
('Alicante', 'Alicante', 'ES', 'Spain', 38.3460, -0.4907, 334887, 0.5),
('Córdoba', 'Cordoba', 'ES', 'Spain', 37.8882, -4.7794, 325701, 0.5),
('Valladolid', 'Valladolid', 'ES', 'Spain', 41.6523, -4.7245, 298412, 0.5),
('Vigo', 'Vigo', 'ES', 'Spain', 42.2314, -8.7124, 295364, 0.5),
('Gijón', 'Gijon', 'ES', 'Spain', 43.5322, -5.6611, 270875, 0.5),
('Hospitalet de Llobregat', 'Hospitalet', 'ES', 'Spain', 41.3658, 2.1280, 264923, 0.4),
('Granada', 'Granada', 'ES', 'Spain', 37.1773, -3.5986, 232462, 0.4),
('Vitoria-Gasteiz', 'Vitoria', 'ES', 'Spain', 42.8467, -2.6726, 251774, 0.4),
('A Coruña', 'A Coruna', 'ES', 'Spain', 43.3623, -8.4115, 246056, 0.4),
('Elche', 'Elche', 'ES', 'Spain', 38.2699, -0.7125, 232517, 0.4),
('Oviedo', 'Oviedo', 'ES', 'Spain', 43.3614, -5.8493, 219686, 0.4),
('Badalona', 'Badalona', 'ES', 'Spain', 41.4501, 2.2475, 223006, 0.4),
('Terrassa', 'Terrassa', 'ES', 'Spain', 41.5631, 2.0089, 220556, 0.4),
('Cartagena', 'Cartagena', 'ES', 'Spain', 37.6257, -0.9966, 216108, 0.4),
('Jerez de la Frontera', 'Jerez', 'ES', 'Spain', 36.6867, -6.1370, 212915, 0.3),
('Sabadell', 'Sabadell', 'ES', 'Spain', 41.5486, 2.1087, 213697, 0.3),
('Santa Cruz de Tenerife', 'Santa Cruz', 'ES', 'Spain', 28.4636, -16.2518, 207312, 0.3),
('Pamplona', 'Pamplona', 'ES', 'Spain', 42.8125, -1.6458, 203418, 0.3),
('Móstoles', 'Mostoles', 'ES', 'Spain', 40.3223, -3.8649, 209184, 0.3),
('Almería', 'Almeria', 'ES', 'Spain', 36.8381, -2.4597, 201322, 0.3),
('Alcalá de Henares', 'Alcala de Henares', 'ES', 'Spain', 40.4821, -3.3635, 195907, 0.3),
('Fuenlabrada', 'Fuenlabrada', 'ES', 'Spain', 40.2838, -3.8000, 193586, 0.3),
('Leganés', 'Leganes', 'ES', 'Spain', 40.3272, -3.7644, 189861, 0.3),
('Donostia', 'San Sebastian', 'ES', 'Spain', 43.3183, -1.9812, 187415, 0.3),
('Getafe', 'Getafe', 'ES', 'Spain', 40.3056, -3.7323, 185180, 0.3),
('Burgos', 'Burgos', 'ES', 'Spain', 42.3439, -3.6969, 175821, 0.3),
('Albacete', 'Albacete', 'ES', 'Spain', 38.9943, -1.8585, 174336, 0.3),
('Alcorcón', 'Alcorcon', 'ES', 'Spain', 40.3458, -3.8247, 170514, 0.3),
('Santander', 'Santander', 'ES', 'Spain', 43.4623, -3.8100, 172044, 0.3),
('Castellón', 'Castellon', 'ES', 'Spain', 39.9864, -0.0513, 171728, 0.3),
('Logroño', 'Logrono', 'ES', 'Spain', 42.4650, -2.4456, 152485, 0.3),
('Badajoz', 'Badajoz', 'ES', 'Spain', 38.8785, -6.9702, 150984, 0.3),
('Salamanca', 'Salamanca', 'ES', 'Spain', 40.9651, -5.6640, 144825, 0.3),
('Huelva', 'Huelva', 'ES', 'Spain', 37.2661, -6.9448, 143663, 0.3),
('Lleida', 'Lleida', 'ES', 'Spain', 41.6148, 0.6269, 140403, 0.3),
('Tarragona', 'Tarragona', 'ES', 'Spain', 41.1189, 1.2445, 134515, 0.3),
('Cádiz', 'Cadiz', 'ES', 'Spain', 36.5271, -6.2886, 115439, 0.2),
('León', 'Leon', 'ES', 'Spain', 42.5987, -5.5671, 124028, 0.2),
('Jaén', 'Jaen', 'ES', 'Spain', 37.7796, -3.7849, 112999, 0.2)
ON CONFLICT DO NOTHING;

-- United States logistics hubs (primary metro clusters)
INSERT INTO cities (name, ascii_name, country_code, country_name, lat, lng, population, importance) VALUES
('Los Angeles', 'Los Angeles', 'US', 'United States', 34.0522, -118.2437, 0, 1.0),
('Long Beach', 'Long Beach', 'US', 'United States', 33.7701, -118.1937, 0, 0.9),
('Ontario', 'Ontario', 'US', 'United States', 34.0633, -117.6509, 0, 0.9),
('San Diego', 'San Diego', 'US', 'United States', 32.7157, -117.1611, 0, 0.9),
('Otay Mesa', 'Otay Mesa', 'US', 'United States', 32.5710, -116.9716, 0, 0.8),
('San Francisco', 'San Francisco', 'US', 'United States', 37.7749, -122.4194, 0, 0.9),
('Oakland', 'Oakland', 'US', 'United States', 37.8044, -122.2711, 0, 0.9),
('San Jose', 'San Jose', 'US', 'United States', 37.3382, -121.8863, 0, 0.8),
('Sacramento', 'Sacramento', 'US', 'United States', 38.5816, -121.4944, 0, 0.8),
('Stockton', 'Stockton', 'US', 'United States', 37.9577, -121.2908, 0, 0.8),
('Modesto', 'Modesto', 'US', 'United States', 37.6391, -120.9969, 0, 0.6),
('Fresno', 'Fresno', 'US', 'United States', 36.7378, -119.7871, 0, 0.7),
('Bakersfield', 'Bakersfield', 'US', 'United States', 35.3733, -119.0187, 0, 0.7),
('Port Hueneme', 'Port Hueneme', 'US', 'United States', 34.1478, -119.1951, 0, 0.6),
('Reno', 'Reno', 'US', 'United States', 39.5296, -119.8138, 0, 0.6),
('Las Vegas', 'Las Vegas', 'US', 'United States', 36.1699, -115.1398, 0, 0.7),
('Phoenix', 'Phoenix', 'US', 'United States', 33.4484, -112.0740, 0, 0.9),
('Tucson', 'Tucson', 'US', 'United States', 32.2226, -110.9747, 0, 0.6),
('Nogales', 'Nogales', 'US', 'United States', 31.3404, -110.9343, 0, 0.6),
('Yuma', 'Yuma', 'US', 'United States', 32.6927, -114.6277, 0, 0.6),
('Salt Lake City', 'Salt Lake City', 'US', 'United States', 40.7608, -111.8910, 0, 0.8),
('Boise', 'Boise', 'US', 'United States', 43.6150, -116.2023, 0, 0.6),
('Spokane', 'Spokane', 'US', 'United States', 47.6588, -117.4260, 0, 0.6),
('Pasco', 'Pasco', 'US', 'United States', 46.2396, -119.1006, 0, 0.6),
('Seattle', 'Seattle', 'US', 'United States', 47.6062, -122.3321, 0, 0.9),
('Tacoma', 'Tacoma', 'US', 'United States', 47.2529, -122.4443, 0, 0.8),
('Portland', 'Portland', 'US', 'United States', 45.5152, -122.6784, 0, 0.8),
('Medford', 'Medford', 'US', 'United States', 42.3265, -122.8756, 0, 0.6),
('Denver', 'Denver', 'US', 'United States', 39.7392, -104.9903, 0, 0.9),
('Colorado Springs', 'Colorado Springs', 'US', 'United States', 38.8339, -104.8214, 0, 0.6),
('Grand Junction', 'Grand Junction', 'US', 'United States', 39.0639, -108.5506, 0, 0.6),
('Albuquerque', 'Albuquerque', 'US', 'United States', 35.0844, -106.6504, 0, 0.6),
('El Paso', 'El Paso', 'US', 'United States', 31.7619, -106.4850, 0, 0.9),
('Santa Teresa', 'Santa Teresa', 'US', 'United States', 31.8560, -106.6392, 0, 0.7),
('Dallas', 'Dallas', 'US', 'United States', 32.7767, -96.7970, 0, 1.0),
('Fort Worth', 'Fort Worth', 'US', 'United States', 32.7555, -97.3308, 0, 0.9),
('Houston', 'Houston', 'US', 'United States', 29.7604, -95.3698, 0, 1.0),
('San Antonio', 'San Antonio', 'US', 'United States', 29.4241, -98.4936, 0, 0.9),
('Austin', 'Austin', 'US', 'United States', 30.2672, -97.7431, 0, 0.8),
('Laredo', 'Laredo', 'US', 'United States', 27.5306, -99.4803, 0, 1.0),
('McAllen', 'McAllen', 'US', 'United States', 26.2034, -98.2300, 0, 0.8),
('Pharr', 'Pharr', 'US', 'United States', 26.1948, -98.1836, 0, 0.8),
('Brownsville', 'Brownsville', 'US', 'United States', 25.9017, -97.4975, 0, 0.7),
('Eagle Pass', 'Eagle Pass', 'US', 'United States', 28.7091, -100.4995, 0, 0.6),
('Del Rio', 'Del Rio', 'US', 'United States', 29.3709, -100.8959, 0, 0.6),
('Corpus Christi', 'Corpus Christi', 'US', 'United States', 27.8006, -97.3964, 0, 0.7),
('Beaumont', 'Beaumont', 'US', 'United States', 30.0802, -94.1266, 0, 0.6),
('Port Arthur', 'Port Arthur', 'US', 'United States', 29.8849, -93.9399, 0, 0.6),
('Midland', 'Midland', 'US', 'United States', 31.9973, -102.0779, 0, 0.6),
('Odessa', 'Odessa', 'US', 'United States', 31.8457, -102.3676, 0, 0.6),
('Lubbock', 'Lubbock', 'US', 'United States', 33.5779, -101.8552, 0, 0.6),
('Amarillo', 'Amarillo', 'US', 'United States', 35.2210, -101.8313, 0, 0.6),
('Waco', 'Waco', 'US', 'United States', 31.5493, -97.1467, 0, 0.6),
('Temple', 'Temple', 'US', 'United States', 31.0982, -97.3428, 0, 0.6),
('Killeen', 'Killeen', 'US', 'United States', 31.1171, -97.7278, 0, 0.6),
('Oklahoma City', 'Oklahoma City', 'US', 'United States', 35.4676, -97.5164, 0, 0.7),
('Tulsa', 'Tulsa', 'US', 'United States', 36.1539, -95.9928, 0, 0.6),
('Wichita', 'Wichita', 'US', 'United States', 37.6872, -97.3301, 0, 0.6),
('Kansas City', 'Kansas City', 'US', 'United States', 39.0997, -94.5786, 0, 0.9),
('St. Louis', 'St. Louis', 'US', 'United States', 38.6270, -90.1994, 0, 0.8),
('Springfield (MO)', 'Springfield (MO)', 'US', 'United States', 37.2089, -93.2923, 0, 0.6),
('Joplin', 'Joplin', 'US', 'United States', 37.0842, -94.5133, 0, 0.6),
('Omaha', 'Omaha', 'US', 'United States', 41.2565, -95.9345, 0, 0.6),
('Lincoln', 'Lincoln', 'US', 'United States', 40.8136, -96.7026, 0, 0.6),
('Des Moines', 'Des Moines', 'US', 'United States', 41.5868, -93.6250, 0, 0.6),
('Cedar Rapids', 'Cedar Rapids', 'US', 'United States', 41.9779, -91.6656, 0, 0.6),
('Sioux Falls', 'Sioux Falls', 'US', 'United States', 43.5446, -96.7311, 0, 0.6),
('Fargo', 'Fargo', 'US', 'United States', 46.8772, -96.7898, 0, 0.6),
('Grand Forks', 'Grand Forks', 'US', 'United States', 47.9253, -97.0329, 0, 0.6),
('Pembina', 'Pembina', 'US', 'United States', 48.9664, -97.2431, 0, 0.6),
('Bismarck', 'Bismarck', 'US', 'United States', 46.8083, -100.7837, 0, 0.6),
('Williston', 'Williston', 'US', 'United States', 48.1460, -103.6170, 0, 0.6),
('Billings', 'Billings', 'US', 'United States', 45.7833, -108.5007, 0, 0.6),
('Missoula', 'Missoula', 'US', 'United States', 46.8721, -113.9940, 0, 0.6),
('Great Falls', 'Great Falls', 'US', 'United States', 47.5053, -111.3008, 0, 0.6),
('Cheyenne', 'Cheyenne', 'US', 'United States', 41.1400, -104.8202, 0, 0.6),
('Casper', 'Casper', 'US', 'United States', 42.8501, -106.3180, 0, 0.6),
('Minneapolis', 'Minneapolis', 'US', 'United States', 44.9778, -93.2650, 0, 0.8),
('Saint Paul', 'Saint Paul', 'US', 'United States', 44.9537, -93.0900, 0, 0.7),
('Duluth', 'Duluth', 'US', 'United States', 46.7867, -92.1005, 0, 0.6),
('Milwaukee', 'Milwaukee', 'US', 'United States', 43.0389, -87.9065, 0, 0.7),
('Green Bay', 'Green Bay', 'US', 'United States', 44.5133, -88.0133, 0, 0.6),
('Appleton', 'Appleton', 'US', 'United States', 44.2619, -88.4154, 0, 0.6),
('Chicago', 'Chicago', 'US', 'United States', 41.8781, -87.6298, 0, 1.0),
('Joliet', 'Joliet', 'US', 'United States', 41.5250, -88.0817, 0, 0.8),
('Elwood', 'Elwood', 'US', 'United States', 41.4034, -88.1117, 0, 0.7),
('Rockford', 'Rockford', 'US', 'United States', 42.2711, -89.0937, 0, 0.6),
('Peoria', 'Peoria', 'US', 'United States', 40.6936, -89.5889, 0, 0.6),
('Champaign', 'Champaign', 'US', 'United States', 40.1164, -88.2434, 0, 0.6),
('Indianapolis', 'Indianapolis', 'US', 'United States', 39.7684, -86.1581, 0, 0.9),
('Gary', 'Gary', 'US', 'United States', 41.5934, -87.3464, 0, 0.7),
('Fort Wayne', 'Fort Wayne', 'US', 'United States', 41.0793, -85.1394, 0, 0.6),
('South Bend', 'South Bend', 'US', 'United States', 41.6764, -86.2520, 0, 0.6),
('Detroit', 'Detroit', 'US', 'United States', 42.3314, -83.0458, 0, 0.9),
('Dearborn', 'Dearborn', 'US', 'United States', 42.3223, -83.1763, 0, 0.7),
('Warren (MI)', 'Warren (MI)', 'US', 'United States', 42.5145, -83.0147, 0, 0.6),
('Ann Arbor', 'Ann Arbor', 'US', 'United States', 42.2808, -83.7430, 0, 0.6),
('Lansing', 'Lansing', 'US', 'United States', 42.7325, -84.5555, 0, 0.6),
('Grand Rapids', 'Grand Rapids', 'US', 'United States', 42.9634, -85.6681, 0, 0.6),
('Kalamazoo', 'Kalamazoo', 'US', 'United States', 42.2917, -85.5872, 0, 0.6),
('Toledo', 'Toledo', 'US', 'United States', 41.6528, -83.5379, 0, 0.6),
('Columbus', 'Columbus', 'US', 'United States', 39.9612, -82.9988, 0, 0.9),
('Cincinnati', 'Cincinnati', 'US', 'United States', 39.1031, -84.5120, 0, 0.8),
('Dayton', 'Dayton', 'US', 'United States', 39.7589, -84.1916, 0, 0.6),
('Cleveland', 'Cleveland', 'US', 'United States', 41.4993, -81.6944, 0, 0.8),
('Akron', 'Akron', 'US', 'United States', 41.0814, -81.5190, 0, 0.6),
('Youngstown', 'Youngstown', 'US', 'United States', 41.0998, -80.6495, 0, 0.6),
('Buffalo', 'Buffalo', 'US', 'United States', 42.8864, -78.8784, 0, 0.7),
('Rochester (NY)', 'Rochester (NY)', 'US', 'United States', 43.1566, -77.6088, 0, 0.6),
('Syracuse', 'Syracuse', 'US', 'United States', 43.0481, -76.1474, 0, 0.6),
('Albany', 'Albany', 'US', 'United States', 42.6526, -73.7562, 0, 0.6),
('Binghamton', 'Binghamton', 'US', 'United States', 42.0987, -75.9180, 0, 0.6),
('New York', 'New York', 'US', 'United States', 40.7128, -74.0060, 0, 1.0),
('Newark', 'Newark', 'US', 'United States', 40.7357, -74.1724, 0, 0.9),
('Elizabeth', 'Elizabeth', 'US', 'United States', 40.6639, -74.2107, 0, 0.9),
('Jersey City', 'Jersey City', 'US', 'United States', 40.7178, -74.0431, 0, 0.8),
('Philadelphia', 'Philadelphia', 'US', 'United States', 39.9526, -75.1652, 0, 0.9),
('Allentown', 'Allentown', 'US', 'United States', 40.6023, -75.4714, 0, 0.7),
('Scranton', 'Scranton', 'US', 'United States', 41.4089, -75.6624, 0, 0.6),
('Harrisburg', 'Harrisburg', 'US', 'United States', 40.2732, -76.8867, 0, 0.7),
('Pittsburgh', 'Pittsburgh', 'US', 'United States', 40.4406, -79.9959, 0, 0.8),
('Baltimore', 'Baltimore', 'US', 'United States', 39.2904, -76.6122, 0, 0.9),
('Washington', 'Washington', 'US', 'United States', 38.9072, -77.0369, 0, 0.8),
('Wilmington (DE)', 'Wilmington (DE)', 'US', 'United States', 39.7447, -75.5484, 0, 0.7),
('Norfolk', 'Norfolk', 'US', 'United States', 36.8508, -76.2859, 0, 0.8),
('Newport News', 'Newport News', 'US', 'United States', 37.0871, -76.4730, 0, 0.7),
('Richmond', 'Richmond', 'US', 'United States', 37.5407, -77.4360, 0, 0.7),
('Raleigh', 'Raleigh', 'US', 'United States', 35.7796, -78.6382, 0, 0.7),
('Durham', 'Durham', 'US', 'United States', 35.9940, -78.8986, 0, 0.6),
('Charlotte', 'Charlotte', 'US', 'United States', 35.2271, -80.8431, 0, 0.9),
('Greensboro', 'Greensboro', 'US', 'United States', 36.0726, -79.7920, 0, 0.6),
('Winston-Salem', 'Winston-Salem', 'US', 'United States', 36.0999, -80.2442, 0, 0.6),
('Charleston (SC)', 'Charleston (SC)', 'US', 'United States', 32.7765, -79.9311, 0, 0.8),
('Savannah', 'Savannah', 'US', 'United States', 32.0809, -81.0912, 0, 0.9),
('Jacksonville', 'Jacksonville', 'US', 'United States', 30.3322, -81.6557, 0, 0.8),
('Orlando', 'Orlando', 'US', 'United States', 28.5383, -81.3792, 0, 0.7),
('Tampa', 'Tampa', 'US', 'United States', 27.9506, -82.4572, 0, 0.8),
('Miami', 'Miami', 'US', 'United States', 25.7617, -80.1918, 0, 0.9),
('Fort Lauderdale', 'Fort Lauderdale', 'US', 'United States', 26.1224, -80.1373, 0, 0.8),
('West Palm Beach', 'West Palm Beach', 'US', 'United States', 26.7153, -80.0534, 0, 0.6),
('Cape Canaveral', 'Cape Canaveral', 'US', 'United States', 28.3922, -80.6077, 0, 0.6),
('Atlanta', 'Atlanta', 'US', 'United States', 33.7490, -84.3880, 0, 1.0),
('Augusta (GA)', 'Augusta (GA)', 'US', 'United States', 33.4735, -82.0105, 0, 0.6),
('Macon', 'Macon', 'US', 'United States', 32.8407, -83.6324, 0, 0.6),
('Birmingham', 'Birmingham', 'US', 'United States', 33.5186, -86.8104, 0, 0.7),
('Montgomery', 'Montgomery', 'US', 'United States', 32.3792, -86.3077, 0, 0.6),
('Mobile', 'Mobile', 'US', 'United States', 30.6954, -88.0399, 0, 0.7),
('Huntsville', 'Huntsville', 'US', 'United States', 34.7304, -86.5861, 0, 0.6),
('Nashville', 'Nashville', 'US', 'United States', 36.1627, -86.7816, 0, 0.9),
('Memphis', 'Memphis', 'US', 'United States', 35.1495, -90.0490, 0, 0.9),
('Chattanooga', 'Chattanooga', 'US', 'United States', 35.0456, -85.3097, 0, 0.6),
('Knoxville', 'Knoxville', 'US', 'United States', 35.9606, -83.9207, 0, 0.6),
('Louisville', 'Louisville', 'US', 'United States', 38.2527, -85.7585, 0, 0.9),
('Lexington (KY)', 'Lexington (KY)', 'US', 'United States', 38.0406, -84.5037, 0, 0.6),
('Evansville', 'Evansville', 'US', 'United States', 37.9716, -87.5711, 0, 0.6),
('New Orleans', 'New Orleans', 'US', 'United States', 29.9511, -90.0715, 0, 0.8),
('Baton Rouge', 'Baton Rouge', 'US', 'United States', 30.4515, -91.1871, 0, 0.8),
('Lake Charles', 'Lake Charles', 'US', 'United States', 30.2266, -93.2174, 0, 0.6),
('Lafayette (LA)', 'Lafayette (LA)', 'US', 'United States', 30.2241, -92.0198, 0, 0.6),
('Shreveport', 'Shreveport', 'US', 'United States', 32.5252, -93.7502, 0, 0.6),
('Little Rock', 'Little Rock', 'US', 'United States', 34.7465, -92.2896, 0, 0.6),
('Jackson (MS)', 'Jackson (MS)', 'US', 'United States', 32.2988, -90.1848, 0, 0.6),
('Gulfport', 'Gulfport', 'US', 'United States', 30.3674, -89.0928, 0, 0.6),
('Biloxi', 'Biloxi', 'US', 'United States', 30.3960, -88.8853, 0, 0.6),
('Hattiesburg', 'Hattiesburg', 'US', 'United States', 31.3271, -89.2903, 0, 0.6),
('Charleston (WV)', 'Charleston (WV)', 'US', 'United States', 38.3498, -81.6326, 0, 0.6),
('Huntington (WV)', 'Huntington (WV)', 'US', 'United States', 38.4192, -82.4452, 0, 0.6),
('Sioux City', 'Sioux City', 'US', 'United States', 42.4993, -96.4003, 0, 0.6),
('St. Joseph', 'St. Joseph', 'US', 'United States', 39.7675, -94.8467, 0, 0.6),
('Columbia (MO)', 'Columbia (MO)', 'US', 'United States', 38.9517, -92.3341, 0, 0.6),
('Jefferson City', 'Jefferson City', 'US', 'United States', 38.5767, -92.1735, 0, 0.6),
('Eugene', 'Eugene', 'US', 'United States', 44.0521, -123.0868, 0, 0.6),
('Bend', 'Bend', 'US', 'United States', 44.0582, -121.3153, 0, 0.6),
('Idaho Falls', 'Idaho Falls', 'US', 'United States', 43.4917, -112.0333, 0, 0.6),
('Pocatello', 'Pocatello', 'US', 'United States', 42.8713, -112.4455, 0, 0.6),
('Twin Falls', 'Twin Falls', 'US', 'United States', 42.5629, -114.4609, 0, 0.6),
('Rapid City', 'Rapid City', 'US', 'United States', 44.0805, -103.2310, 0, 0.6),
('Flagstaff', 'Flagstaff', 'US', 'United States', 35.1983, -111.6513, 0, 0.6),
('Kingman', 'Kingman', 'US', 'United States', 35.1894, -114.0530, 0, 0.6),
('Gallup', 'Gallup', 'US', 'United States', 35.5281, -108.7426, 0, 0.6),
('Blaine', 'Blaine', 'US', 'United States', 48.9937, -122.7460, 0, 0.6),
('Port Huron', 'Port Huron', 'US', 'United States', 42.9709, -82.4249, 0, 0.6),
('Sault Ste. Marie', 'Sault Ste. Marie', 'US', 'United States', 46.4953, -84.3453, 0, 0.6),
('Champlain', 'Champlain', 'US', 'United States', 44.9862, -73.4462, 0, 0.6),
('Alexandria Bay', 'Alexandria Bay', 'US', 'United States', 44.3353, -75.9183, 0, 0.6)
ON CONFLICT (name, country_code) DO NOTHING;

-- United States deepwater ports and intermodal terminals
INSERT INTO cities (name, ascii_name, country_code, country_name, lat, lng, population, importance) VALUES
('Port of Los Angeles (San Pedro)', 'Port of Los Angeles (San Pedro)', 'US', 'United States', 33.7361, -118.2636, 0, 1.0),
('Port of Long Beach', 'Port of Long Beach', 'US', 'United States', 33.7676, -118.1997, 0, 1.0),
('UP ICTF (Long Beach)', 'UP ICTF (Long Beach)', 'US', 'United States', 33.8090, -118.2240, 0, 0.9),
('BNSF Hobart Yard (Commerce)', 'BNSF Hobart Yard (Commerce)', 'US', 'United States', 34.0087, -118.2042, 0, 0.9),
('BNSF San Bernardino Intermodal', 'BNSF San Bernardino Intermodal', 'US', 'United States', 34.0790, -117.2960, 0, 0.8),
('Oakland Int. Container Terminal (OICT)', 'Oakland Int. Container Terminal (OICT)', 'US', 'United States', 37.7950, -122.3330, 0, 0.9),
('San Diego - Tenth Avenue Marine Terminal', 'San Diego - Tenth Avenue Marine Terminal', 'US', 'United States', 32.7025, -117.1580, 0, 0.7),
('Port Hueneme (Oxnard Harbor)', 'Port Hueneme (Oxnard Harbor)', 'US', 'United States', 34.1479, -119.1952, 0, 0.7),
('Port of Seattle - Terminal 18', 'Port of Seattle - Terminal 18', 'US', 'United States', 47.5839, -122.3647, 0, 0.9),
('Port of Tacoma - Husky Terminal', 'Port of Tacoma - Husky Terminal', 'US', 'United States', 47.2700, -122.4100, 0, 0.9),
('BNSF Seattle International Gateway (SIG)', 'BNSF Seattle International Gateway (SIG)', 'US', 'United States', 47.5890, -122.3240, 0, 0.8),
('Portland Terminal 6 (Port of Portland)', 'Portland Terminal 6 (Port of Portland)', 'US', 'United States', 45.6383, -122.7616, 0, 0.8),
('Port Houston - Barbours Cut', 'Port Houston - Barbours Cut', 'US', 'United States', 29.6794, -95.0218, 0, 1.0),
('Port Houston - Bayport Container Terminal', 'Port Houston - Bayport Container Terminal', 'US', 'United States', 29.6020, -95.0160, 0, 1.0),
('BNSF Alliance Intermodal (Fort Worth)', 'BNSF Alliance Intermodal (Fort Worth)', 'US', 'United States', 32.9785, -97.3190, 0, 0.9),
('UP Dallas Intermodal Terminal (Wilmer)', 'UP Dallas Intermodal Terminal (Wilmer)', 'US', 'United States', 32.6275, -96.6715, 0, 0.9),
('Port of New Orleans - Napoleon Ave Terminal', 'Port of New Orleans - Napoleon Ave Terminal', 'US', 'United States', 29.9151, -90.1012, 0, 0.8),
('Port of Mobile (APM Terminals)', 'Port of Mobile (APM Terminals)', 'US', 'United States', 30.6863, -88.0399, 0, 0.8),
('Port of Savannah - Garden City Terminal', 'Port of Savannah - Garden City Terminal', 'US', 'United States', 32.1274, -81.1636, 0, 1.0),
('Port of Charleston - Wando Welch', 'Port of Charleston - Wando Welch', 'US', 'United States', 32.8557, -79.8658, 0, 0.9),
('Port of Charleston - North Charleston', 'Port of Charleston - North Charleston', 'US', 'United States', 32.8510, -79.9620, 0, 0.8),
('Port of Jacksonville - Blount Island', 'Port of Jacksonville - Blount Island', 'US', 'United States', 30.4030, -81.5158, 0, 0.9),
('Port of Jacksonville - Talleyrand', 'Port of Jacksonville - Talleyrand', 'US', 'United States', 30.3604, -81.6280, 0, 0.8),
('PortMiami', 'PortMiami', 'US', 'United States', 25.7781, -80.1794, 0, 0.9),
('Port Everglades', 'Port Everglades', 'US', 'United States', 26.0878, -80.1250, 0, 0.9),
('Port Tampa Bay - Hookers Point', 'Port Tampa Bay - Hookers Point', 'US', 'United States', 27.9319, -82.4380, 0, 0.8),
('Port Canaveral', 'Port Canaveral', 'US', 'United States', 28.4108, -80.6188, 0, 0.7),
('Port Newark-Elizabeth Marine Terminal', 'Port Newark-Elizabeth Marine Terminal', 'US', 'United States', 40.6749, -74.1745, 0, 1.0),
('GCT Bayonne', 'GCT Bayonne', 'US', 'United States', 40.6689, -74.0810, 0, 0.9),
('Red Hook Container Terminal (Brooklyn)', 'Red Hook Container Terminal (Brooklyn)', 'US', 'United States', 40.6806, -74.0103, 0, 0.7),
('Port of Philadelphia - Packer Ave', 'Port of Philadelphia - Packer Ave', 'US', 'United States', 39.9147, -75.1423, 0, 0.8),
('Port of Wilmington (DE)', 'Port of Wilmington (DE)', 'US', 'United States', 39.7279, -75.5486, 0, 0.8),
('Port of Baltimore - Seagirt', 'Port of Baltimore - Seagirt', 'US', 'United States', 39.2599, -76.5539, 0, 0.9),
('Norfolk International Terminals (NIT)', 'Norfolk International Terminals (NIT)', 'US', 'United States', 36.9168, -76.3296, 0, 0.9),
('Virginia International Gateway (VIG)', 'Virginia International Gateway (VIG)', 'US', 'United States', 36.7887, -76.3427, 0, 0.9),
('Richmond Marine Terminal (RMT)', 'Richmond Marine Terminal (RMT)', 'US', 'United States', 37.4414, -77.4192, 0, 0.7),
('Port of Boston - Conley Terminal', 'Port of Boston - Conley Terminal', 'US', 'United States', 42.3382, -71.0305, 0, 0.8),
('Port of New Haven', 'Port of New Haven', 'US', 'United States', 41.2799, -72.9084, 0, 0.6),
('Port of Providence', 'Port of Providence', 'US', 'United States', 41.8092, -71.4014, 0, 0.6),
('Port of Portland (Maine)', 'Port of Portland (Maine)', 'US', 'United States', 43.6602, -70.2477, 0, 0.6),
('Port of New Hampshire (Portsmouth)', 'Port of New Hampshire (Portsmouth)', 'US', 'United States', 43.0704, -70.7573, 0, 0.6),
('Port of Cleveland', 'Port of Cleveland', 'US', 'United States', 41.4940, -81.7035, 0, 0.7),
('Port of Toledo', 'Port of Toledo', 'US', 'United States', 41.6500, -83.5150, 0, 0.6),
('Port of Detroit', 'Port of Detroit', 'US', 'United States', 42.3042, -83.0780, 0, 0.6),
('Port of Milwaukee', 'Port of Milwaukee', 'US', 'United States', 43.0183, -87.8834, 0, 0.6),
('Port of Chicago (IIPD Calumet)', 'Port of Chicago (IIPD Calumet)', 'US', 'United States', 41.7297, -87.5402, 0, 0.6),
('Port of Indiana - Burns Harbor', 'Port of Indiana - Burns Harbor', 'US', 'United States', 41.6396, -87.1503, 0, 0.6),
('Port of Duluth-Superior', 'Port of Duluth-Superior', 'US', 'United States', 46.7786, -92.0936, 0, 0.7),
('BNSF Logistics Park Kansas City (Edgerton)', 'BNSF Logistics Park Kansas City (Edgerton)', 'US', 'United States', 38.7630, -94.9483, 0, 0.9),
('UP Global 4 (Joliet)', 'UP Global 4 (Joliet)', 'US', 'United States', 41.5075, -88.1283, 0, 0.9),
('BNSF Logistics Park Chicago (Elwood)', 'BNSF Logistics Park Chicago (Elwood)', 'US', 'United States', 41.4098, -88.1110, 0, 0.9),
('NS 47th Street Intermodal (Chicago)', 'NS 47th Street Intermodal (Chicago)', 'US', 'United States', 41.8093, -87.6404, 0, 0.8),
('CSX Bedford Park (59th Street)', 'CSX Bedford Park (59th Street)', 'US', 'United States', 41.7800, -87.7400, 0, 0.8),
('CN Harvey Intermodal (Markham)', 'CN Harvey Intermodal (Markham)', 'US', 'United States', 41.6065, -87.6750, 0, 0.8),
('UP Global 2 (Proviso/Northlake)', 'UP Global 2 (Proviso/Northlake)', 'US', 'United States', 41.9000, -87.9000, 0, 0.8),
('NS Landers Intermodal (Chicago)', 'NS Landers Intermodal (Chicago)', 'US', 'United States', 41.7330, -87.7130, 0, 0.8),
('Memphis - BNSF Intermodal', 'Memphis - BNSF Intermodal', 'US', 'United States', 35.0390, -89.9440, 0, 0.8),
('UP Marion Intermodal (Memphis West)', 'UP Marion Intermodal (Memphis West)', 'US', 'United States', 35.2250, -90.1980, 0, 0.8),
('Columbus Rickenbacker Intermodal', 'Columbus Rickenbacker Intermodal', 'US', 'United States', 39.8136, -82.9320, 0, 0.8),
('Denver - BNSF Intermodal (Commerce City)', 'Denver - BNSF Intermodal (Commerce City)', 'US', 'United States', 39.8090, -104.9450, 0, 0.7),
('UP Denver Intermodal', 'UP Denver Intermodal', 'US', 'United States', 39.7820, -104.9480, 0, 0.7),
('Salt Lake City - UP Intermodal', 'Salt Lake City - UP Intermodal', 'US', 'United States', 40.7800, -111.9400, 0, 0.7),
('Utah Inland Port (SLC)', 'Utah Inland Port (SLC)', 'US', 'United States', 40.8070, -111.9780, 0, 0.7),
('Port of Tucson (Inland Port)', 'Port of Tucson (Inland Port)', 'US', 'United States', 32.1300, -110.7930, 0, 0.7),
('Inland Port Greer (SC Ports)', 'Inland Port Greer (SC Ports)', 'US', 'United States', 34.9380, -82.2250, 0, 0.7),
('Inland Port Dillon (SC Ports)', 'Inland Port Dillon (SC Ports)', 'US', 'United States', 34.4005, -79.3733, 0, 0.7),
('Appalachian Regional Port (GA)', 'Appalachian Regional Port (GA)', 'US', 'United States', 34.8330, -84.8095, 0, 0.7),
('Port of Freeport (TX)', 'Port of Freeport (TX)', 'US', 'United States', 28.9355, -95.3302, 0, 0.7),
('Port of Galveston', 'Port of Galveston', 'US', 'United States', 29.3080, -94.7936, 0, 0.6),
('America''s Central Port (Granite City, IL)', 'America''s Central Port (Granite City, IL)', 'US', 'United States', 38.6703, -90.1603, 0, 0.7),
('Port of Corpus Christi - Cargo Docks', 'Port of Corpus Christi - Cargo Docks', 'US', 'United States', 27.8060, -97.3956, 0, 0.8),
('Port of Beaumont', 'Port of Beaumont', 'US', 'United States', 30.0631, -94.0553, 0, 0.7),
('Port of Port Arthur', 'Port of Port Arthur', 'US', 'United States', 29.8439, -93.9454, 0, 0.7),
('Port of Brownsville', 'Port of Brownsville', 'US', 'United States', 25.9633, -97.4063, 0, 0.7),
('Port of Wilmington (NC)', 'Port of Wilmington (NC)', 'US', 'United States', 34.2266, -77.9537, 0, 0.7)
ON CONFLICT (name, country_code) DO NOTHING;

-- United States land border commercial crossings (Mexico and Canada)
INSERT INTO cities (name, ascii_name, country_code, country_name, lat, lng, population, importance) VALUES
('Otay Mesa Commercial Port of Entry', 'Otay Mesa Commercial Port of Entry', 'US', 'United States', 32.5710, -116.9716, 0, 0.9),
('Tecate Commercial Port of Entry', 'Tecate Commercial Port of Entry', 'US', 'United States', 32.5715, -116.6270, 0, 0.6),
('Calexico East Port of Entry', 'Calexico East Port of Entry', 'US', 'United States', 32.6860, -115.3970, 0, 0.8),
('San Luis II Commercial Port of Entry', 'San Luis II Commercial Port of Entry', 'US', 'United States', 32.4857, -114.7762, 0, 0.7),
('Nogales - Mariposa Commercial Port of Entry', 'Nogales - Mariposa Commercial Port of Entry', 'US', 'United States', 31.3339, -110.9894, 0, 0.9),
('Naco Commercial Port of Entry', 'Naco Commercial Port of Entry', 'US', 'United States', 31.3350, -109.9480, 0, 0.6),
('Douglas (Raul H. Castro) Commercial POE', 'Douglas (Raul H. Castro) Commercial POE', 'US', 'United States', 31.3336, -109.5524, 0, 0.6),
('Santa Teresa Port of Entry', 'Santa Teresa Port of Entry', 'US', 'United States', 31.8579, -106.6395, 0, 0.8),
('Tornillo-Guadalupe (Marcelino Serna) POE', 'Tornillo-Guadalupe (Marcelino Serna) POE', 'US', 'United States', 31.4432, -106.0905, 0, 0.6),
('El Paso - Ysleta-Zaragoza International Bridge', 'El Paso - Ysleta-Zaragoza International Bridge', 'US', 'United States', 31.6900, -106.3360, 0, 0.9),
('El Paso - Bridge of the Americas (BOTA)', 'El Paso - Bridge of the Americas (BOTA)', 'US', 'United States', 31.7526, -106.4766, 0, 0.6),
('Presidio-Ojinaga Port of Entry', 'Presidio-Ojinaga Port of Entry', 'US', 'United States', 29.5520, -104.3720, 0, 0.6),
('Del Rio International Bridge', 'Del Rio International Bridge', 'US', 'United States', 29.3703, -100.8951, 0, 0.7),
('Eagle Pass - Camino Real International Bridge (Bridge II)', 'Eagle Pass - Camino Real International Bridge (Bridge II)', 'US', 'United States', 28.7020, -100.5130, 0, 0.8),
('Laredo - World Trade Bridge', 'Laredo - World Trade Bridge', 'US', 'United States', 27.6168, -99.5440, 0, 1.0),
('Laredo - Colombia Solidarity Bridge', 'Laredo - Colombia Solidarity Bridge', 'US', 'United States', 27.6533, -99.5033, 0, 0.9),
('Rio Grande City Port of Entry', 'Rio Grande City Port of Entry', 'US', 'United States', 26.3790, -98.8160, 0, 0.6),
('Roma International Bridge', 'Roma International Bridge', 'US', 'United States', 26.4047, -99.0173, 0, 0.6),
('Anzalduas International Bridge', 'Anzalduas International Bridge', 'US', 'United States', 26.1727, -98.2963, 0, 0.7),
('Hidalgo-Reynosa (McAllen-Hidalgo) Bridge', 'Hidalgo-Reynosa (McAllen-Hidalgo) Bridge', 'US', 'United States', 26.0923, -98.2636, 0, 0.6),
('Pharr-Reynosa International Bridge', 'Pharr-Reynosa International Bridge', 'US', 'United States', 26.0607, -98.3332, 0, 0.9),
('Progreso-Nuevo Progreso International Bridge', 'Progreso-Nuevo Progreso International Bridge', 'US', 'United States', 26.0514, -97.9576, 0, 0.7),
('Los Indios Free Trade International Bridge', 'Los Indios Free Trade International Bridge', 'US', 'United States', 26.0422, -97.7404, 0, 0.7),
('Veterans International Bridge at Los Tomates (Brownsville)', 'Veterans International Bridge at Los Tomates (Brownsville)', 'US', 'United States', 25.8640, -97.5011, 0, 0.8),
('Blaine - Pacific Highway Truck Crossing', 'Blaine - Pacific Highway Truck Crossing', 'US', 'United States', 49.0059, -122.7326, 0, 0.9),
('Sumas-Huntingdon (Abbotsford) Crossing', 'Sumas-Huntingdon (Abbotsford) Crossing', 'US', 'United States', 49.0034, -122.2644, 0, 0.8),
('Lynden-Aldergrove Crossing', 'Lynden-Aldergrove Crossing', 'US', 'United States', 49.0020, -122.4860, 0, 0.7),
('Oroville-Osoyoos Port of Entry', 'Oroville-Osoyoos Port of Entry', 'US', 'United States', 48.9990, -119.4600, 0, 0.7),
('Eastport-Kingsgate Port of Entry', 'Eastport-Kingsgate Port of Entry', 'US', 'United States', 49.0008, -116.1840, 0, 0.7),
('Sweetgrass-Coutts Port of Entry', 'Sweetgrass-Coutts Port of Entry', 'US', 'United States', 48.9980, -111.9810, 0, 0.9),
('Portal-North Portal Port of Entry', 'Portal-North Portal Port of Entry', 'US', 'United States', 48.9989, -102.5510, 0, 0.8),
('Pembina-Emerson Port of Entry', 'Pembina-Emerson Port of Entry', 'US', 'United States', 48.9997, -97.2392, 0, 0.9),
('International Falls-Fort Frances Bridge', 'International Falls-Fort Frances Bridge', 'US', 'United States', 48.6070, -93.4090, 0, 0.8),
('Baudette-Rainy River Bridge', 'Baudette-Rainy River Bridge', 'US', 'United States', 48.7000, -94.5980, 0, 0.6),
('Warroad-Sprague Crossing', 'Warroad-Sprague Crossing', 'US', 'United States', 48.9995, -95.1528, 0, 0.6),
('Sault Ste. Marie International Bridge', 'Sault Ste. Marie International Bridge', 'US', 'United States', 46.5020, -84.3440, 0, 0.8),
('Detroit-Windsor Ambassador Bridge', 'Detroit-Windsor Ambassador Bridge', 'US', 'United States', 42.3090, -83.0740, 0, 0.9),
('Port Huron-Sarnia Blue Water Bridge', 'Port Huron-Sarnia Blue Water Bridge', 'US', 'United States', 42.9970, -82.4240, 0, 0.9),
('Buffalo-Fort Erie Peace Bridge', 'Buffalo-Fort Erie Peace Bridge', 'US', 'United States', 42.9060, -78.9090, 0, 0.9),
('Lewiston-Queenston Bridge', 'Lewiston-Queenston Bridge', 'US', 'United States', 43.1690, -79.0440, 0, 0.9),
('Alexandria Bay - Thousand Islands Bridge (I-81)', 'Alexandria Bay - Thousand Islands Bridge (I-81)', 'US', 'United States', 44.3380, -75.9990, 0, 0.8),
('Ogdensburg-Prescott International Bridge', 'Ogdensburg-Prescott International Bridge', 'US', 'United States', 44.6940, -75.4970, 0, 0.7),
('Massena (Rooseveltown) - Cornwall (Seaway Bridge)', 'Massena (Rooseveltown) - Cornwall (Seaway Bridge)', 'US', 'United States', 44.9900, -74.7300, 0, 0.7),
('Champlain-Lacolle (I-87) Port of Entry', 'Champlain-Lacolle (I-87) Port of Entry', 'US', 'United States', 45.0050, -73.4510, 0, 0.9),
('Highgate Springs-Saint-Armand (I-89) POE', 'Highgate Springs-Saint-Armand (I-89) POE', 'US', 'United States', 45.0120, -73.0850, 0, 0.8),
('Derby Line-Stanstead (I-91) POE', 'Derby Line-Stanstead (I-91) POE', 'US', 'United States', 45.0050, -72.0960, 0, 0.7),
('Coburn Gore-Woburn Crossing', 'Coburn Gore-Woburn Crossing', 'US', 'United States', 45.2520, -70.3040, 0, 0.6),
('Jackman-Saint-Theophile (Armstrong) Crossing', 'Jackman-Saint-Theophile (Armstrong) Crossing', 'US', 'United States', 45.6470, -70.2570, 0, 0.7),
('Houlton-Woodstock (I-95) Port of Entry', 'Houlton-Woodstock (I-95) Port of Entry', 'US', 'United States', 46.1220, -67.7920, 0, 0.8),
('Calais - St. Stephen (International Ave) POE', 'Calais - St. Stephen (International Ave) POE', 'US', 'United States', 45.1640, -67.2810, 0, 0.8),
('Fort Kent-Clair International Bridge', 'Fort Kent-Clair International Bridge', 'US', 'United States', 47.2545, -68.5890, 0, 0.6),
('Madawaska-Edmundston International Bridge', 'Madawaska-Edmundston International Bridge', 'US', 'United States', 47.3580, -68.3130, 0, 0.6),
('Van Buren-St. Leonard International Bridge', 'Van Buren-St. Leonard International Bridge', 'US', 'United States', 47.1670, -67.3080, 0, 0.6)
ON CONFLICT (name, country_code) DO NOTHING;

-- United States Northeast and Mid-Atlantic distribution corridors
INSERT INTO cities (name, ascii_name, country_code, country_name, lat, lng, population, importance) VALUES
('Hagerstown', 'Hagerstown', 'US', 'United States', 39.6418, -77.7199, 0, 0.8),
('Frederick', 'Frederick', 'US', 'United States', 39.4143, -77.4105, 0, 0.6),
('Salisbury (MD)', 'Salisbury (MD)', 'US', 'United States', 38.3607, -75.5994, 0, 0.6),
('Cumberland (MD)', 'Cumberland (MD)', 'US', 'United States', 39.6529, -78.7625, 0, 0.5),
('Carlisle', 'Carlisle', 'US', 'United States', 40.2015, -77.1890, 0, 0.9),
('Chambersburg', 'Chambersburg', 'US', 'United States', 39.9376, -77.6611, 0, 0.8),
('Greencastle', 'Greencastle', 'US', 'United States', 39.7906, -77.7272, 0, 0.7),
('York (PA)', 'York (PA)', 'US', 'United States', 39.9626, -76.7277, 0, 0.8),
('Lancaster (PA)', 'Lancaster (PA)', 'US', 'United States', 40.0379, -76.3055, 0, 0.7),
('Reading (PA)', 'Reading (PA)', 'US', 'United States', 40.3356, -75.9269, 0, 0.7),
('Lebanon (PA)', 'Lebanon (PA)', 'US', 'United States', 40.3409, -76.4113, 0, 0.6),
('Hazleton', 'Hazleton', 'US', 'United States', 40.9584, -75.9746, 0, 0.7),
('Wilkes-Barre', 'Wilkes-Barre', 'US', 'United States', 41.2459, -75.8813, 0, 0.7),
('Bethlehem', 'Bethlehem', 'US', 'United States', 40.6259, -75.3705, 0, 0.7),
('Altoona', 'Altoona', 'US', 'United States', 40.5187, -78.3947, 0, 0.6),
('Johnstown', 'Johnstown', 'US', 'United States', 40.3267, -78.9210, 0, 0.5),
('Erie', 'Erie', 'US', 'United States', 42.1292, -80.0851, 0, 0.6),
('Edison', 'Edison', 'US', 'United States', 40.5187, -74.4121, 0, 0.8),
('Cranbury', 'Cranbury', 'US', 'United States', 40.3162, -74.5132, 0, 0.7),
('Carteret', 'Carteret', 'US', 'United States', 40.5773, -74.2285, 0, 0.7),
('Woodbridge (NJ)', 'Woodbridge (NJ)', 'US', 'United States', 40.5576, -74.2846, 0, 0.7),
('Secaucus', 'Secaucus', 'US', 'United States', 40.7895, -74.0565, 0, 0.7),
('South Brunswick', 'South Brunswick', 'US', 'United States', 40.3807, -74.5610, 0, 0.7),
('Hartford', 'Hartford', 'US', 'United States', 41.7658, -72.6734, 0, 0.7),
('Windsor Locks (BDL)', 'Windsor Locks (BDL)', 'US', 'United States', 41.9296, -72.6276, 0, 0.6),
('New Haven (CT)', 'New Haven (CT)', 'US', 'United States', 41.3083, -72.9279, 0, 0.6),
('Bridgeport', 'Bridgeport', 'US', 'United States', 41.1865, -73.1952, 0, 0.6),
('Danbury', 'Danbury', 'US', 'United States', 41.3948, -73.4540, 0, 0.6),
('Waterbury', 'Waterbury', 'US', 'United States', 41.5582, -73.0515, 0, 0.6),
('Springfield (MA)', 'Springfield (MA)', 'US', 'United States', 42.1015, -72.5898, 0, 0.7),
('Worcester', 'Worcester', 'US', 'United States', 42.2626, -71.8023, 0, 0.7),
('Lowell', 'Lowell', 'US', 'United States', 42.6334, -71.3162, 0, 0.6),
('Lawrence', 'Lawrence', 'US', 'United States', 42.7070, -71.1631, 0, 0.6),
('Fall River', 'Fall River', 'US', 'United States', 41.7015, -71.1550, 0, 0.6),
('New Bedford', 'New Bedford', 'US', 'United States', 41.6362, -70.9342, 0, 0.6),
('Providence (RI)', 'Providence (RI)', 'US', 'United States', 41.8240, -71.4128, 0, 0.7),
('Manchester (NH)', 'Manchester (NH)', 'US', 'United States', 42.9956, -71.4548, 0, 0.6),
('Nashua (NH)', 'Nashua (NH)', 'US', 'United States', 42.7654, -71.4676, 0, 0.6),
('Concord (NH)', 'Concord (NH)', 'US', 'United States', 43.2081, -71.5376, 0, 0.5),
('Burlington (VT)', 'Burlington (VT)', 'US', 'United States', 44.4759, -73.2121, 0, 0.6),
('St. Albans (VT)', 'St. Albans (VT)', 'US', 'United States', 44.8107, -73.0830, 0, 0.5),
('Rutland (VT)', 'Rutland (VT)', 'US', 'United States', 43.6106, -72.9726, 0, 0.5),
('Lewiston (ME)', 'Lewiston (ME)', 'US', 'United States', 44.1004, -70.2148, 0, 0.5),
('Auburn (ME)', 'Auburn (ME)', 'US', 'United States', 44.0979, -70.2312, 0, 0.5),
('Bangor', 'Bangor', 'US', 'United States', 44.8012, -68.7778, 0, 0.6),
('Augusta (ME)', 'Augusta (ME)', 'US', 'United States', 44.3106, -69.7795, 0, 0.5),
('Utica', 'Utica', 'US', 'United States', 43.1009, -75.2327, 0, 0.6),
('Rome (NY)', 'Rome (NY)', 'US', 'United States', 43.2128, -75.4557, 0, 0.5),
('Schenectady', 'Schenectady', 'US', 'United States', 42.8142, -73.9396, 0, 0.6),
('Troy (NY)', 'Troy (NY)', 'US', 'United States', 42.7284, -73.6918, 0, 0.6),
('Poughkeepsie', 'Poughkeepsie', 'US', 'United States', 41.7004, -73.9210, 0, 0.6),
('Newburgh (NY)', 'Newburgh (NY)', 'US', 'United States', 41.5034, -74.0104, 0, 0.7),
('Middletown (NY)', 'Middletown (NY)', 'US', 'United States', 41.4459, -74.4229, 0, 0.6),
('Plattsburgh', 'Plattsburgh', 'US', 'United States', 44.6995, -73.4529, 0, 0.6),
('Watertown (NY)', 'Watertown (NY)', 'US', 'United States', 43.9748, -75.9108, 0, 0.6)
ON CONFLICT (name, country_code) DO NOTHING;

-- United States Mid-Atlantic South (Virginia and Carolinas clustering)
INSERT INTO cities (name, ascii_name, country_code, country_name, lat, lng, population, importance) VALUES
('Roanoke', 'Roanoke', 'US', 'United States', 37.2709, -79.9414, 0, 0.7),
('Bristol (VA)', 'Bristol (VA)', 'US', 'United States', 36.5951, -82.1887, 0, 0.6),
('Winchester (VA)', 'Winchester (VA)', 'US', 'United States', 39.1857, -78.1633, 0, 0.6),
('Front Royal', 'Front Royal', 'US', 'United States', 38.9182, -78.1944, 0, 0.6),
('Harrisonburg', 'Harrisonburg', 'US', 'United States', 38.4496, -78.8689, 0, 0.6),
('Lynchburg', 'Lynchburg', 'US', 'United States', 37.4138, -79.1423, 0, 0.6),
('Danville (VA)', 'Danville (VA)', 'US', 'United States', 36.5850, -79.3950, 0, 0.6),
('Petersburg (VA)', 'Petersburg (VA)', 'US', 'United States', 37.2279, -77.4019, 0, 0.6),
('Suffolk', 'Suffolk', 'US', 'United States', 36.7282, -76.5836, 0, 0.6),
('Greenville (SC)', 'Greenville (SC)', 'US', 'United States', 34.8526, -82.3940, 0, 0.8),
('Spartanburg', 'Spartanburg', 'US', 'United States', 34.9496, -81.9320, 0, 0.8),
('Anderson (SC)', 'Anderson (SC)', 'US', 'United States', 34.5034, -82.6501, 0, 0.6),
('Columbia (SC)', 'Columbia (SC)', 'US', 'United States', 34.0007, -81.0348, 0, 0.7),
('Florence (SC)', 'Florence (SC)', 'US', 'United States', 34.1954, -79.7626, 0, 0.6),
('North Charleston (SC)', 'North Charleston (SC)', 'US', 'United States', 32.8546, -79.9748, 0, 0.7),
('Rock Hill (SC)', 'Rock Hill (SC)', 'US', 'United States', 34.9249, -81.0251, 0, 0.6),
('High Point (NC)', 'High Point (NC)', 'US', 'United States', 35.9557, -80.0053, 0, 0.6),
('Fayetteville (NC)', 'Fayetteville (NC)', 'US', 'United States', 35.0527, -78.8784, 0, 0.6),
('Wilmington (NC)', 'Wilmington (NC)', 'US', 'United States', 34.2257, -77.9447, 0, 0.7),
('Rocky Mount (NC)', 'Rocky Mount (NC)', 'US', 'United States', 35.9382, -77.7905, 0, 0.7),
('Wilson (NC)', 'Wilson (NC)', 'US', 'United States', 35.7213, -77.9155, 0, 0.6),
('Greenville (NC)', 'Greenville (NC)', 'US', 'United States', 35.6127, -77.3664, 0, 0.6),
('Goldsboro (NC)', 'Goldsboro (NC)', 'US', 'United States', 35.3849, -77.9928, 0, 0.5),
('Kinston (NC)', 'Kinston (NC)', 'US', 'United States', 35.2627, -77.5816, 0, 0.5),
('Concord (NC)', 'Concord (NC)', 'US', 'United States', 35.4088, -80.5795, 0, 0.6),
('Gastonia (NC)', 'Gastonia (NC)', 'US', 'United States', 35.2621, -81.1873, 0, 0.6),
('Asheville', 'Asheville', 'US', 'United States', 35.5951, -82.5515, 0, 0.6),
('Hickory (NC)', 'Hickory (NC)', 'US', 'United States', 35.7345, -81.3445, 0, 0.6),
('Monroe (NC)', 'Monroe (NC)', 'US', 'United States', 34.9854, -80.5495, 0, 0.6)
ON CONFLICT (name, country_code) DO NOTHING;

-- United States Southeast logistics markets (GA, FL, AL, MS, LA, AR, TN, KY, WV)
INSERT INTO cities (name, ascii_name, country_code, country_name, lat, lng, population, importance) VALUES
('Columbus (GA)', 'Columbus (GA)', 'US', 'United States', 32.4609, -84.9877, 0, 0.6),
('Albany (GA)', 'Albany (GA)', 'US', 'United States', 31.5785, -84.1557, 0, 0.6),
('Valdosta', 'Valdosta', 'US', 'United States', 30.8327, -83.2785, 0, 0.6),
('Tifton', 'Tifton', 'US', 'United States', 31.4505, -83.5085, 0, 0.6),
('Gainesville (GA)', 'Gainesville (GA)', 'US', 'United States', 34.2979, -83.8241, 0, 0.7),
('Dalton', 'Dalton', 'US', 'United States', 34.7698, -84.9702, 0, 0.7),
('Rome (GA)', 'Rome (GA)', 'US', 'United States', 34.2570, -85.1647, 0, 0.6),
('Brunswick (GA)', 'Brunswick (GA)', 'US', 'United States', 31.1499, -81.4915, 0, 0.7),
('Lakeland (FL)', 'Lakeland (FL)', 'US', 'United States', 28.0395, -81.9498, 0, 0.8),
('Winter Haven (FL)', 'Winter Haven (FL)', 'US', 'United States', 28.0222, -81.7329, 0, 0.7),
('Plant City', 'Plant City', 'US', 'United States', 28.0186, -82.1129, 0, 0.6),
('Ocala', 'Ocala', 'US', 'United States', 29.1872, -82.1401, 0, 0.7),
('Gainesville (FL)', 'Gainesville (FL)', 'US', 'United States', 29.6516, -82.3248, 0, 0.6),
('Daytona Beach', 'Daytona Beach', 'US', 'United States', 29.2108, -81.0228, 0, 0.6),
('Lake City (FL)', 'Lake City (FL)', 'US', 'United States', 30.1897, -82.6393, 0, 0.6),
('Tallahassee', 'Tallahassee', 'US', 'United States', 30.4383, -84.2807, 0, 0.6),
('Pensacola', 'Pensacola', 'US', 'United States', 30.4213, -87.2169, 0, 0.6),
('Sarasota / Bradenton', 'Sarasota / Bradenton', 'US', 'United States', 27.4989, -82.5748, 0, 0.6),
('Fort Myers', 'Fort Myers', 'US', 'United States', 26.6406, -81.8723, 0, 0.6),
('Port St. Lucie', 'Port St. Lucie', 'US', 'United States', 27.2730, -80.3582, 0, 0.6),
('Melbourne (FL)', 'Melbourne (FL)', 'US', 'United States', 28.0836, -80.6081, 0, 0.6),
('Naples (FL)', 'Naples (FL)', 'US', 'United States', 26.1420, -81.7948, 0, 0.6),
('Punta Gorda', 'Punta Gorda', 'US', 'United States', 26.9298, -82.0454, 0, 0.5),
('Tuscaloosa', 'Tuscaloosa', 'US', 'United States', 33.2098, -87.5692, 0, 0.7),
('Decatur (AL)', 'Decatur (AL)', 'US', 'United States', 34.6059, -86.9833, 0, 0.6),
('Florence / Muscle Shoals', 'Florence / Muscle Shoals', 'US', 'United States', 34.7998, -87.6773, 0, 0.6),
('Dothan', 'Dothan', 'US', 'United States', 31.2232, -85.3905, 0, 0.6),
('Anniston / Oxford (AL)', 'Anniston / Oxford (AL)', 'US', 'United States', 33.5910, -85.8316, 0, 0.5),
('Tupelo (MS)', 'Tupelo (MS)', 'US', 'United States', 34.2576, -88.7034, 0, 0.6),
('Columbus (MS)', 'Columbus (MS)', 'US', 'United States', 33.4957, -88.4273, 0, 0.6),
('Meridian (MS)', 'Meridian (MS)', 'US', 'United States', 32.3643, -88.7037, 0, 0.6),
('Southaven (MS)', 'Southaven (MS)', 'US', 'United States', 34.9890, -90.0126, 0, 0.7),
('Olive Branch (MS)', 'Olive Branch (MS)', 'US', 'United States', 34.9618, -89.8295, 0, 0.7),
('Houma', 'Houma', 'US', 'United States', 29.5958, -90.7195, 0, 0.6),
('Thibodaux', 'Thibodaux', 'US', 'United States', 29.7959, -90.8220, 0, 0.6),
('Alexandria (LA)', 'Alexandria (LA)', 'US', 'United States', 31.3113, -92.4451, 0, 0.6),
('Monroe (LA)', 'Monroe (LA)', 'US', 'United States', 32.5093, -92.1193, 0, 0.6),
('New Iberia', 'New Iberia', 'US', 'United States', 30.0035, -91.8187, 0, 0.5),
('Jonesboro (AR)', 'Jonesboro (AR)', 'US', 'United States', 35.8423, -90.7043, 0, 0.6),
('West Memphis (AR)', 'West Memphis (AR)', 'US', 'United States', 35.1465, -90.1845, 0, 0.7),
('Fort Smith (AR)', 'Fort Smith (AR)', 'US', 'United States', 35.3859, -94.3986, 0, 0.6),
('Springdale (AR)', 'Springdale (AR)', 'US', 'United States', 36.1867, -94.1288, 0, 0.7),
('Rogers (AR)', 'Rogers (AR)', 'US', 'United States', 36.3320, -94.1185, 0, 0.6),
('Bentonville (AR)', 'Bentonville (AR)', 'US', 'United States', 36.3729, -94.2088, 0, 0.7),
('Pine Bluff (AR)', 'Pine Bluff (AR)', 'US', 'United States', 34.2284, -92.0032, 0, 0.5),
('Texarkana (AR/TX)', 'Texarkana (AR/TX)', 'US', 'United States', 33.4251, -94.0477, 0, 0.6),
('Clarksville (TN)', 'Clarksville (TN)', 'US', 'United States', 36.5298, -87.3595, 0, 0.6),
('Jackson (TN)', 'Jackson (TN)', 'US', 'United States', 35.6145, -88.8139, 0, 0.6),
('Murfreesboro (TN)', 'Murfreesboro (TN)', 'US', 'United States', 35.8456, -86.3903, 0, 0.7),
('Smyrna (TN)', 'Smyrna (TN)', 'US', 'United States', 35.9828, -86.5186, 0, 0.6),
('Spring Hill (TN)', 'Spring Hill (TN)', 'US', 'United States', 35.7512, -86.9287, 0, 0.6),
('Lebanon (TN)', 'Lebanon (TN)', 'US', 'United States', 36.2081, -86.2911, 0, 0.6),
('Johnson City (TN)', 'Johnson City (TN)', 'US', 'United States', 36.3134, -82.3535, 0, 0.6),
('Kingsport (TN)', 'Kingsport (TN)', 'US', 'United States', 36.5484, -82.5618, 0, 0.6),
('Cleveland (TN)', 'Cleveland (TN)', 'US', 'United States', 35.1595, -84.8766, 0, 0.6),
('Bowling Green (KY)', 'Bowling Green (KY)', 'US', 'United States', 36.9907, -86.4436, 0, 0.7),
('Paducah', 'Paducah', 'US', 'United States', 37.0834, -88.6000, 0, 0.6),
('Georgetown (KY)', 'Georgetown (KY)', 'US', 'United States', 38.2098, -84.5588, 0, 0.6),
('Florence (KY)', 'Florence (KY)', 'US', 'United States', 39.0106, -84.6266, 0, 0.6),
('Hebron (KY) / CVG', 'Hebron (KY) / CVG', 'US', 'United States', 39.0667, -84.7033, 0, 0.8),
('Richmond (KY)', 'Richmond (KY)', 'US', 'United States', 37.7479, -84.2947, 0, 0.5),
('London (KY)', 'London (KY)', 'US', 'United States', 37.1290, -84.0833, 0, 0.5),
('Corbin (KY)', 'Corbin (KY)', 'US', 'United States', 36.9487, -84.0960, 0, 0.5),
('Parkersburg (WV)', 'Parkersburg (WV)', 'US', 'United States', 39.2667, -81.5615, 0, 0.6),
('Weirton (WV)', 'Weirton (WV)', 'US', 'United States', 40.4190, -80.5895, 0, 0.5),
('Morgantown (WV)', 'Morgantown (WV)', 'US', 'United States', 39.6295, -79.9559, 0, 0.6),
('Beckley (WV)', 'Beckley (WV)', 'US', 'United States', 37.7782, -81.1882, 0, 0.5),
('Bluefield / Princeton (WV)', 'Bluefield / Princeton (WV)', 'US', 'United States', 37.3662, -81.1026, 0, 0.5),
('Martinsburg (WV)', 'Martinsburg (WV)', 'US', 'United States', 39.4562, -77.9639, 0, 0.5),
('Wheeling (WV)', 'Wheeling (WV)', 'US', 'United States', 40.0640, -80.7209, 0, 0.6)
ON CONFLICT (name, country_code) DO NOTHING;

-- United States Midwest manufacturing and logistics belt
INSERT INTO cities (name, ascii_name, country_code, country_name, lat, lng, population, importance) VALUES
('Findlay (OH)', 'Findlay (OH)', 'US', 'United States', 41.0442, -83.6499, 0, 0.6),
('Lima (OH)', 'Lima (OH)', 'US', 'United States', 40.7426, -84.1052, 0, 0.6),
('Mansfield (OH)', 'Mansfield (OH)', 'US', 'United States', 40.7608, -82.5154, 0, 0.5),
('Marion (OH)', 'Marion (OH)', 'US', 'United States', 40.5887, -83.1285, 0, 0.5),
('Zanesville (OH)', 'Zanesville (OH)', 'US', 'United States', 39.9403, -82.0132, 0, 0.5),
('Cambridge (OH)', 'Cambridge (OH)', 'US', 'United States', 40.0312, -81.5885, 0, 0.5),
('Newark (OH)', 'Newark (OH)', 'US', 'United States', 40.0581, -82.4013, 0, 0.5),
('Springfield (OH)', 'Springfield (OH)', 'US', 'United States', 39.9242, -83.8088, 0, 0.5),
('Chillicothe (OH)', 'Chillicothe (OH)', 'US', 'United States', 39.3331, -82.9824, 0, 0.5),
('Steubenville (OH)', 'Steubenville (OH)', 'US', 'United States', 40.3698, -80.6330, 0, 0.5),
('Ashtabula (OH)', 'Ashtabula (OH)', 'US', 'United States', 41.8651, -80.7898, 0, 0.5),
('Sandusky (OH)', 'Sandusky (OH)', 'US', 'United States', 41.4489, -82.7079, 0, 0.5),
('Plainfield (IN)', 'Plainfield (IN)', 'US', 'United States', 39.7042, -86.3994, 0, 0.8),
('Terre Haute', 'Terre Haute', 'US', 'United States', 39.4667, -87.4139, 0, 0.6),
('Lafayette (IN)', 'Lafayette (IN)', 'US', 'United States', 40.4167, -86.8753, 0, 0.6),
('Muncie', 'Muncie', 'US', 'United States', 40.1934, -85.3864, 0, 0.5),
('Anderson (IN)', 'Anderson (IN)', 'US', 'United States', 40.1053, -85.6803, 0, 0.5),
('Kokomo', 'Kokomo', 'US', 'United States', 40.4864, -86.1336, 0, 0.5),
('Columbus (IN)', 'Columbus (IN)', 'US', 'United States', 39.2014, -85.9214, 0, 0.6),
('Jeffersonville (IN)', 'Jeffersonville (IN)', 'US', 'United States', 38.2776, -85.7372, 0, 0.6),
('Hammond (IN)', 'Hammond (IN)', 'US', 'United States', 41.5834, -87.5000, 0, 0.6),
('East Chicago (IN)', 'East Chicago (IN)', 'US', 'United States', 41.6392, -87.4548, 0, 0.6),
('Portage (IN)', 'Portage (IN)', 'US', 'United States', 41.5759, -87.1761, 0, 0.6),
('Michigan City (IN)', 'Michigan City (IN)', 'US', 'United States', 41.7075, -86.8950, 0, 0.6),
('Elkhart', 'Elkhart', 'US', 'United States', 41.6810, -85.9716, 0, 0.6),
('Sterling Heights (MI)', 'Sterling Heights (MI)', 'US', 'United States', 42.5803, -83.0302, 0, 0.6),
('Pontiac (MI)', 'Pontiac (MI)', 'US', 'United States', 42.6389, -83.2910, 0, 0.6),
('Flint', 'Flint', 'US', 'United States', 43.0125, -83.6875, 0, 0.6),
('Saginaw', 'Saginaw', 'US', 'United States', 43.4195, -83.9508, 0, 0.6),
('Bay City (MI)', 'Bay City (MI)', 'US', 'United States', 43.5945, -83.8889, 0, 0.5),
('Muskegon', 'Muskegon', 'US', 'United States', 43.2342, -86.2484, 0, 0.6),
('Holland (MI)', 'Holland (MI)', 'US', 'United States', 42.7875, -86.1089, 0, 0.6),
('Monroe (MI)', 'Monroe (MI)', 'US', 'United States', 41.9164, -83.3977, 0, 0.5),
('Jackson (MI)', 'Jackson (MI)', 'US', 'United States', 42.2459, -84.4013, 0, 0.5),
('Battle Creek', 'Battle Creek', 'US', 'United States', 42.3212, -85.1797, 0, 0.6),
('Springfield (IL)', 'Springfield (IL)', 'US', 'United States', 39.7817, -89.6501, 0, 0.6),
('Bloomington (IL)', 'Bloomington (IL)', 'US', 'United States', 40.4842, -88.9937, 0, 0.6),
('Decatur (IL)', 'Decatur (IL)', 'US', 'United States', 39.8403, -88.9548, 0, 0.6),
('Rock Island', 'Rock Island', 'US', 'United States', 41.5095, -90.5787, 0, 0.6),
('Moline (IL)', 'Moline (IL)', 'US', 'United States', 41.5067, -90.5151, 0, 0.6),
('East Moline', 'East Moline', 'US', 'United States', 41.5003, -90.4443, 0, 0.5),
('Galesburg (IL)', 'Galesburg (IL)', 'US', 'United States', 40.9478, -90.3712, 0, 0.5),
('Madison (WI)', 'Madison (WI)', 'US', 'United States', 43.0722, -89.4008, 0, 0.7),
('Kenosha', 'Kenosha', 'US', 'United States', 42.5847, -87.8212, 0, 0.6),
('Racine', 'Racine', 'US', 'United States', 42.7261, -87.7829, 0, 0.6),
('Oshkosh', 'Oshkosh', 'US', 'United States', 44.0247, -88.5426, 0, 0.5),
('Wausau', 'Wausau', 'US', 'United States', 44.9591, -89.6301, 0, 0.5),
('La Crosse', 'La Crosse', 'US', 'United States', 43.8014, -91.2396, 0, 0.5),
('Eau Claire', 'Eau Claire', 'US', 'United States', 44.8113, -91.4985, 0, 0.5),
('Superior (WI)', 'Superior (WI)', 'US', 'United States', 46.7208, -92.1041, 0, 0.5),
('Sheboygan', 'Sheboygan', 'US', 'United States', 43.7508, -87.7145, 0, 0.5),
('Rochester (MN)', 'Rochester (MN)', 'US', 'United States', 44.0121, -92.4802, 0, 0.6),
('St. Cloud (MN)', 'St. Cloud (MN)', 'US', 'United States', 45.5579, -94.1632, 0, 0.6),
('Mankato', 'Mankato', 'US', 'United States', 44.1636, -93.9994, 0, 0.5),
('Owatonna', 'Owatonna', 'US', 'United States', 44.0839, -93.2260, 0, 0.5),
('Davenport (IA)', 'Davenport (IA)', 'US', 'United States', 41.5236, -90.5776, 0, 0.6),
('Bettendorf (IA)', 'Bettendorf (IA)', 'US', 'United States', 41.5506, -90.5151, 0, 0.5),
('Waterloo (IA)', 'Waterloo (IA)', 'US', 'United States', 42.4928, -92.3426, 0, 0.6),
('Cedar Falls (IA)', 'Cedar Falls (IA)', 'US', 'United States', 42.5349, -92.4453, 0, 0.5),
('Dubuque (IA)', 'Dubuque (IA)', 'US', 'United States', 42.5006, -90.6646, 0, 0.6),
('Mason City (IA)', 'Mason City (IA)', 'US', 'United States', 43.1536, -93.2010, 0, 0.5),
('Ames (IA)', 'Ames (IA)', 'US', 'United States', 42.0347, -93.6199, 0, 0.5),
('Fort Dodge (IA)', 'Fort Dodge (IA)', 'US', 'United States', 42.4975, -94.1680, 0, 0.5),
('Ottumwa (IA)', 'Ottumwa (IA)', 'US', 'United States', 41.0195, -92.4110, 0, 0.5),
('Cape Girardeau (MO)', 'Cape Girardeau (MO)', 'US', 'United States', 37.3059, -89.5181, 0, 0.6),
('Sedalia (MO)', 'Sedalia (MO)', 'US', 'United States', 38.7045, -93.2283, 0, 0.5),
('St. Charles (MO)', 'St. Charles (MO)', 'US', 'United States', 38.7881, -90.4974, 0, 0.6),
('St. Peters (MO)', 'St. Peters (MO)', 'US', 'United States', 38.7875, -90.6299, 0, 0.6),
('Independence (MO)', 'Independence (MO)', 'US', 'United States', 39.0911, -94.4155, 0, 0.6),
('Lee''s Summit (MO)', 'Lee''s Summit (MO)', 'US', 'United States', 38.9108, -94.3822, 0, 0.6)
ON CONFLICT (name, country_code) DO NOTHING;

-- United States Plains and Rockies freight corridors
INSERT INTO cities (name, ascii_name, country_code, country_name, lat, lng, population, importance) VALUES
('Grand Island (NE)', 'Grand Island (NE)', 'US', 'United States', 40.9264, -98.3420, 0, 0.6),
('Kearney (NE)', 'Kearney (NE)', 'US', 'United States', 40.6994, -99.0817, 0, 0.5),
('North Platte (NE)', 'North Platte (NE)', 'US', 'United States', 41.1403, -100.7601, 0, 0.6),
('Scottsbluff (NE)', 'Scottsbluff (NE)', 'US', 'United States', 41.8666, -103.6672, 0, 0.5),
('Topeka', 'Topeka', 'US', 'United States', 39.0473, -95.6752, 0, 0.6),
('Lawrence (KS)', 'Lawrence (KS)', 'US', 'United States', 38.9717, -95.2353, 0, 0.5),
('Manhattan (KS)', 'Manhattan (KS)', 'US', 'United States', 39.1836, -96.5717, 0, 0.5),
('Salina (KS)', 'Salina (KS)', 'US', 'United States', 38.8403, -97.6114, 0, 0.6),
('Hutchinson (KS)', 'Hutchinson (KS)', 'US', 'United States', 38.0608, -97.9298, 0, 0.5),
('Garden City (KS)', 'Garden City (KS)', 'US', 'United States', 37.9717, -100.8727, 0, 0.6),
('Dodge City (KS)', 'Dodge City (KS)', 'US', 'United States', 37.7528, -100.0171, 0, 0.6),
('Liberal (KS)', 'Liberal (KS)', 'US', 'United States', 37.0431, -100.9210, 0, 0.5),
('Enid (OK)', 'Enid (OK)', 'US', 'United States', 36.3956, -97.8784, 0, 0.5),
('Lawton (OK)', 'Lawton (OK)', 'US', 'United States', 34.6036, -98.3959, 0, 0.5),
('Ardmore (OK)', 'Ardmore (OK)', 'US', 'United States', 34.1745, -97.1436, 0, 0.5),
('Muskogee (OK)', 'Muskogee (OK)', 'US', 'United States', 35.7479, -95.3697, 0, 0.5),
('McAlester (OK)', 'McAlester (OK)', 'US', 'United States', 34.9334, -95.7697, 0, 0.5),
('Durant (OK)', 'Durant (OK)', 'US', 'United States', 33.9935, -96.3971, 0, 0.5)
ON CONFLICT (name, country_code) DO NOTHING;

-- United States Texas regional logistics network
INSERT INTO cities (name, ascii_name, country_code, country_name, lat, lng, population, importance) VALUES
('Tyler (TX)', 'Tyler (TX)', 'US', 'United States', 32.3513, -95.3011, 0, 0.6),
('Longview (TX)', 'Longview (TX)', 'US', 'United States', 32.5007, -94.7405, 0, 0.6),
('Marshall (TX)', 'Marshall (TX)', 'US', 'United States', 32.5449, -94.3674, 0, 0.5),
('Lufkin', 'Lufkin', 'US', 'United States', 31.3382, -94.7291, 0, 0.5),
('Nacogdoches', 'Nacogdoches', 'US', 'United States', 31.6035, -94.6555, 0, 0.5),
('Baytown (TX)', 'Baytown (TX)', 'US', 'United States', 29.7355, -94.9774, 0, 0.6),
('Pasadena (TX)', 'Pasadena (TX)', 'US', 'United States', 29.6911, -95.2091, 0, 0.6),
('Texas City', 'Texas City', 'US', 'United States', 29.3838, -94.9027, 0, 0.6),
('Victoria (TX)', 'Victoria (TX)', 'US', 'United States', 28.8053, -97.0036, 0, 0.5),
('San Marcos (TX)', 'San Marcos (TX)', 'US', 'United States', 29.8833, -97.9414, 0, 0.6),
('New Braunfels (TX)', 'New Braunfels (TX)', 'US', 'United States', 29.7030, -98.1245, 0, 0.6),
('Seguin (TX)', 'Seguin (TX)', 'US', 'United States', 29.5688, -97.9647, 0, 0.5),
('Sherman–Denison (TX)', 'Sherman–Denison (TX)', 'US', 'United States', 33.6300, -96.6089, 0, 0.6),
('Paris (TX)', 'Paris (TX)', 'US', 'United States', 33.6609, -95.5555, 0, 0.5),
('Greenville (TX)', 'Greenville (TX)', 'US', 'United States', 33.1384, -96.1108, 0, 0.5),
('Abilene', 'Abilene', 'US', 'United States', 32.4487, -99.7331, 0, 0.6),
('San Angelo', 'San Angelo', 'US', 'United States', 31.4638, -100.4370, 0, 0.6),
('Big Spring', 'Big Spring', 'US', 'United States', 32.2504, -101.4787, 0, 0.6),
('Snyder (TX)', 'Snyder (TX)', 'US', 'United States', 32.7179, -100.9176, 0, 0.5),
('Andrews (TX)', 'Andrews (TX)', 'US', 'United States', 32.3187, -102.5457, 0, 0.5),
('Pecos (TX)', 'Pecos (TX)', 'US', 'United States', 31.4229, -103.4937, 0, 0.6),
('Monahans (TX)', 'Monahans (TX)', 'US', 'United States', 31.5946, -102.8929, 0, 0.5),
('Kermit (TX)', 'Kermit (TX)', 'US', 'United States', 31.8571, -103.0921, 0, 0.5),
('Harlingen (TX)', 'Harlingen (TX)', 'US', 'United States', 26.1906, -97.6961, 0, 0.6),
('Edinburg (TX)', 'Edinburg (TX)', 'US', 'United States', 26.3017, -98.1633, 0, 0.6),
('Raymondville (TX)', 'Raymondville (TX)', 'US', 'United States', 26.4817, -97.7845, 0, 0.5),
('Alice (TX)', 'Alice (TX)', 'US', 'United States', 27.7523, -98.0697, 0, 0.5)
ON CONFLICT (name, country_code) DO NOTHING;

-- United States Southwest corridors (NM, AZ, NV)
INSERT INTO cities (name, ascii_name, country_code, country_name, lat, lng, population, importance) VALUES
('Las Cruces', 'Las Cruces', 'US', 'United States', 32.3199, -106.7637, 0, 0.6),
('Santa Fe', 'Santa Fe', 'US', 'United States', 35.6870, -105.9378, 0, 0.5),
('Farmington (NM)', 'Farmington (NM)', 'US', 'United States', 36.7281, -108.2187, 0, 0.5),
('Clovis (NM)', 'Clovis (NM)', 'US', 'United States', 34.4048, -103.2052, 0, 0.5),
('Roswell (NM)', 'Roswell (NM)', 'US', 'United States', 33.3943, -104.5230, 0, 0.5),
('Hobbs (NM)', 'Hobbs (NM)', 'US', 'United States', 32.7026, -103.1360, 0, 0.6),
('Carlsbad (NM)', 'Carlsbad (NM)', 'US', 'United States', 32.4207, -104.2288, 0, 0.6),
('Casa Grande (AZ)', 'Casa Grande (AZ)', 'US', 'United States', 32.8795, -111.7574, 0, 0.7),
('Goodyear (AZ)', 'Goodyear (AZ)', 'US', 'United States', 33.4353, -112.3577, 0, 0.6),
('Tolleson (AZ)', 'Tolleson (AZ)', 'US', 'United States', 33.4500, -112.2550, 0, 0.6),
('Buckeye (AZ)', 'Buckeye (AZ)', 'US', 'United States', 33.3703, -112.5838, 0, 0.6),
('Sierra Vista (AZ)', 'Sierra Vista (AZ)', 'US', 'United States', 31.5455, -110.2773, 0, 0.5),
('North Las Vegas', 'North Las Vegas', 'US', 'United States', 36.1989, -115.1175, 0, 0.6),
('Henderson (NV)', 'Henderson (NV)', 'US', 'United States', 36.0395, -114.9817, 0, 0.6),
('Sparks (NV)', 'Sparks (NV)', 'US', 'United States', 39.5349, -119.7527, 0, 0.6),
('Fernley (NV)', 'Fernley (NV)', 'US', 'United States', 39.6074, -119.2518, 0, 0.6),
('Elko (NV)', 'Elko (NV)', 'US', 'United States', 40.8324, -115.7631, 0, 0.5)
ON CONFLICT (name, country_code) DO NOTHING;

-- United States supplemental coverage corridors and redundancy nodes
INSERT INTO cities (name, ascii_name, country_code, country_name, lat, lng, population, importance) VALUES
('Moreno Valley (CA)', 'Moreno Valley (CA)', 'US', 'United States', 33.9425, -117.2297, 0, 0.8),
('Fontana (CA)', 'Fontana (CA)', 'US', 'United States', 34.0922, -117.4350, 0, 0.8),
('Chino (CA)', 'Chino (CA)', 'US', 'United States', 34.0122, -117.6889, 0, 0.7),
('Rialto (CA)', 'Rialto (CA)', 'US', 'United States', 34.1064, -117.3703, 0, 0.7),
('Jurupa Valley (CA)', 'Jurupa Valley (CA)', 'US', 'United States', 33.9935, -117.4850, 0, 0.7),
('Perris (CA)', 'Perris (CA)', 'US', 'United States', 33.7825, -117.2286, 0, 0.6),
('Tracy (CA)', 'Tracy (CA)', 'US', 'United States', 37.7397, -121.4252, 0, 0.7),
('Lathrop (CA)', 'Lathrop (CA)', 'US', 'United States', 37.8228, -121.2861, 0, 0.7),
('Barstow (CA)', 'Barstow (CA)', 'US', 'United States', 34.8958, -117.0173, 0, 0.6),
('Victorville (CA)', 'Victorville (CA)', 'US', 'United States', 34.5361, -117.2912, 0, 0.6),
('Hesperia (CA)', 'Hesperia (CA)', 'US', 'United States', 34.4264, -117.3009, 0, 0.5),
('Adelanto (CA)', 'Adelanto (CA)', 'US', 'United States', 34.5828, -117.4092, 0, 0.5),
('Tejon Ranch Commerce Center (CA)', 'Tejon Ranch Commerce Center (CA)', 'US', 'United States', 34.9375, -118.9550, 0, 0.7),
('Redding (CA)', 'Redding (CA)', 'US', 'United States', 40.5865, -122.3917, 0, 0.5),
('Cedar City (UT)', 'Cedar City (UT)', 'US', 'United States', 37.6775, -113.0619, 0, 0.5),
('Limon (CO)', 'Limon (CO)', 'US', 'United States', 39.2636, -103.6922, 0, 0.5),
('Evanston (WY)', 'Evanston (WY)', 'US', 'United States', 41.2681, -110.9634, 0, 0.5),
('Van Horn (TX)', 'Van Horn (TX)', 'US', 'United States', 31.0415, -104.8305, 0, 0.5),
('Dalhart (TX)', 'Dalhart (TX)', 'US', 'United States', 36.0603, -102.5121, 0, 0.5),
('Guymon (OK)', 'Guymon (OK)', 'US', 'United States', 36.6820, -101.4810, 0, 0.5),
('Forrest City (AR)', 'Forrest City (AR)', 'US', 'United States', 35.0081, -90.7890, 0, 0.5),
('Effingham (IL)', 'Effingham (IL)', 'US', 'United States', 39.1200, -88.5434, 0, 0.6),
('Mt. Vernon (IL)', 'Mt. Vernon (IL)', 'US', 'United States', 38.3173, -88.9031, 0, 0.5),
('Junction City (KS)', 'Junction City (KS)', 'US', 'United States', 39.0286, -96.8314, 0, 0.5),
('Wytheville (VA)', 'Wytheville (VA)', 'US', 'United States', 36.9485, -81.0843, 0, 0.6),
('Statesville (NC)', 'Statesville (NC)', 'US', 'United States', 35.7810, -80.8873, 0, 0.6),
('Mebane (NC)', 'Mebane (NC)', 'US', 'United States', 36.0957, -79.2667, 0, 0.6),
('Hardeeville (SC)', 'Hardeeville (SC)', 'US', 'United States', 32.2877, -81.0807, 0, 0.6),
('McDonough (GA)', 'McDonough (GA)', 'US', 'United States', 33.4473, -84.1469, 0, 0.7),
('Commerce (GA)', 'Commerce (GA)', 'US', 'United States', 34.2030, -83.4574, 0, 0.6),
('Davenport (FL)', 'Davenport (FL)', 'US', 'United States', 28.1610, -81.6017, 0, 0.5)
ON CONFLICT (name, country_code) DO NOTHING;

-- United States air cargo superhubs and express integrators
INSERT INTO cities (name, ascii_name, country_code, country_name, lat, lng, population, importance) VALUES
('UPS Worldport (SDF)', 'UPS Worldport (SDF)', 'US', 'United States', 38.1775, -85.7386, 0, 1.0),
('FedEx Express World Hub (MEM)', 'FedEx Express World Hub (MEM)', 'US', 'United States', 35.0425, -89.9767, 0, 1.0),
('Amazon Air CVG Superhub', 'Amazon Air CVG Superhub', 'US', 'United States', 39.0606, -84.6756, 0, 0.9),
('DFW Air Cargo Center', 'DFW Air Cargo Center', 'US', 'United States', 32.8968, -97.0381, 0, 0.9),
('MIA Air Cargo Center', 'MIA Air Cargo Center', 'US', 'United States', 25.7959, -80.2906, 0, 0.9),
('LAX Air Cargo Complex', 'LAX Air Cargo Complex', 'US', 'United States', 33.9416, -118.4085, 0, 0.9),
('ORD South Cargo Area', 'ORD South Cargo Area', 'US', 'United States', 41.9753, -87.9070, 0, 0.9),
('ONT Air Cargo Hub', 'ONT Air Cargo Hub', 'US', 'United States', 34.0560, -117.6012, 0, 0.8),
('PHX Sky Harbor Air Cargo', 'PHX Sky Harbor Air Cargo', 'US', 'United States', 33.4353, -112.0058, 0, 0.8),
('Ted Stevens Anchorage Air Cargo', 'Ted Stevens Anchorage Air Cargo', 'US', 'United States', 61.1741, -149.9983, 0, 1.0),
('RFD eCommerce Air Cargo', 'RFD eCommerce Air Cargo', 'US', 'United States', 42.1954, -89.0975, 0, 0.8),
('SJU Air Cargo (Luis Munoz Marin)', 'SJU Air Cargo (Luis Munoz Marin)', 'US', 'United States', 18.4394, -66.0018, 0, 0.7)
ON CONFLICT (name, country_code) DO NOTHING;

-- Canada logistics gateways (Western Canada and Prairies)
INSERT INTO cities (name, ascii_name, country_code, country_name, lat, lng, population, importance) VALUES
('Vancouver', 'Vancouver', 'CA', 'Canada', 49.2827, -123.1207, 0, 1.0),
('Surrey', 'Surrey', 'CA', 'Canada', 49.1913, -122.8490, 0, 0.8),
('Richmond (BC)', 'Richmond (BC)', 'CA', 'Canada', 49.1666, -123.1336, 0, 0.8),
('Delta (BC)', 'Delta (BC)', 'CA', 'Canada', 49.0847, -123.0582, 0, 0.8),
('Burnaby', 'Burnaby', 'CA', 'Canada', 49.2488, -122.9805, 0, 0.7),
('Langley (BC)', 'Langley (BC)', 'CA', 'Canada', 49.1044, -122.6604, 0, 0.6),
('Abbotsford', 'Abbotsford', 'CA', 'Canada', 49.0504, -122.3045, 0, 0.6),
('Chilliwack', 'Chilliwack', 'CA', 'Canada', 49.1579, -121.9515, 0, 0.5),
('Prince George (BC)', 'Prince George (BC)', 'CA', 'Canada', 53.9171, -122.7497, 0, 0.6),
('Prince Rupert', 'Prince Rupert', 'CA', 'Canada', 54.3122, -130.3200, 0, 0.7),
('Calgary', 'Calgary', 'CA', 'Canada', 51.0447, -114.0719, 0, 0.9),
('Balzac Logistics Park', 'Balzac Logistics Park', 'CA', 'Canada', 51.2000, -114.0032, 0, 0.7),
('Edmonton', 'Edmonton', 'CA', 'Canada', 53.5461, -113.4938, 0, 0.9),
('Nisku / Leduc (AB)', 'Nisku / Leduc (AB)', 'CA', 'Canada', 53.2485, -113.5437, 0, 0.7),
('Red Deer', 'Red Deer', 'CA', 'Canada', 52.2681, -113.8112, 0, 0.6),
('Grande Prairie', 'Grande Prairie', 'CA', 'Canada', 55.1707, -118.7954, 0, 0.6),
('Fort McMurray', 'Fort McMurray', 'CA', 'Canada', 56.7268, -111.3800, 0, 0.6),
('Saskatoon', 'Saskatoon', 'CA', 'Canada', 52.1332, -106.6700, 0, 0.7),
('Regina', 'Regina', 'CA', 'Canada', 50.4452, -104.6189, 0, 0.7),
('Regina Global Transportation Hub', 'Regina Global Transportation Hub', 'CA', 'Canada', 50.4638, -104.7607, 0, 0.7),
('Winnipeg', 'Winnipeg', 'CA', 'Canada', 49.8954, -97.1385, 0, 0.8),
('CentrePort Canada (Rosser)', 'CentrePort Canada (Rosser)', 'CA', 'Canada', 49.9798, -97.3300, 0, 0.8),
('Thunder Bay', 'Thunder Bay', 'CA', 'Canada', 48.3809, -89.2477, 0, 0.6),
('Sudbury', 'Sudbury', 'CA', 'Canada', 46.5221, -80.9530, 0, 0.5)
ON CONFLICT (name, country_code) DO NOTHING;

-- Canada logistics gateways (Central and Eastern Canada)
INSERT INTO cities (name, ascii_name, country_code, country_name, lat, lng, population, importance) VALUES
('Toronto', 'Toronto', 'CA', 'Canada', 43.6532, -79.3832, 0, 0.9),
('Mississauga', 'Mississauga', 'CA', 'Canada', 43.5890, -79.6441, 0, 0.8),
('Brampton', 'Brampton', 'CA', 'Canada', 43.7315, -79.7624, 0, 0.8),
('Vaughan', 'Vaughan', 'CA', 'Canada', 43.8384, -79.5088, 0, 0.8),
('Milton (ON)', 'Milton (ON)', 'CA', 'Canada', 43.5183, -79.8774, 0, 0.6),
('Oakville', 'Oakville', 'CA', 'Canada', 43.4675, -79.6877, 0, 0.6),
('Burlington (ON)', 'Burlington (ON)', 'CA', 'Canada', 43.3255, -79.7990, 0, 0.6),
('Hamilton', 'Hamilton', 'CA', 'Canada', 43.2557, -79.8711, 0, 0.7),
('Niagara Falls (ON)', 'Niagara Falls (ON)', 'CA', 'Canada', 43.0896, -79.0849, 0, 0.6),
('St. Catharines', 'St. Catharines', 'CA', 'Canada', 43.1594, -79.2469, 0, 0.6),
('London (ON)', 'London (ON)', 'CA', 'Canada', 42.9849, -81.2453, 0, 0.6),
('Windsor (ON)', 'Windsor (ON)', 'CA', 'Canada', 42.3149, -83.0364, 0, 0.7),
('Ottawa', 'Ottawa', 'CA', 'Canada', 45.4215, -75.6972, 0, 0.6),
('Montreal', 'Montreal', 'CA', 'Canada', 45.5019, -73.5674, 0, 0.9),
('Laval', 'Laval', 'CA', 'Canada', 45.6066, -73.7124, 0, 0.7),
('Boucherville', 'Boucherville', 'CA', 'Canada', 45.5913, -73.4360, 0, 0.6),
('Longueuil', 'Longueuil', 'CA', 'Canada', 45.5312, -73.5181, 0, 0.6),
('Quebec City', 'Quebec City', 'CA', 'Canada', 46.8139, -71.2080, 0, 0.7),
('Levis', 'Levis', 'CA', 'Canada', 46.8033, -71.1774, 0, 0.6),
('Trois-Rivieres', 'Trois-Rivieres', 'CA', 'Canada', 46.3430, -72.5427, 0, 0.6),
('Sherbrooke', 'Sherbrooke', 'CA', 'Canada', 45.4042, -71.8929, 0, 0.6),
('Drummondville', 'Drummondville', 'CA', 'Canada', 45.8808, -72.4843, 0, 0.5),
('Halifax', 'Halifax', 'CA', 'Canada', 44.6488, -63.5752, 0, 0.8),
('Dartmouth', 'Dartmouth', 'CA', 'Canada', 44.6717, -63.5772, 0, 0.6),
('Moncton', 'Moncton', 'CA', 'Canada', 46.0878, -64.7782, 0, 0.7),
('Saint John (NB)', 'Saint John (NB)', 'CA', 'Canada', 45.2733, -66.0633, 0, 0.6),
('Fredericton', 'Fredericton', 'CA', 'Canada', 45.9636, -66.6431, 0, 0.5),
('Charlottetown', 'Charlottetown', 'CA', 'Canada', 46.2382, -63.1311, 0, 0.5),
('St. John''s (NL)', 'St. Johns (NL)', 'CA', 'Canada', 47.5615, -52.7126, 0, 0.6),
('Gander', 'Gander', 'CA', 'Canada', 48.9561, -54.6089, 0, 0.5)
ON CONFLICT (name, country_code) DO NOTHING;

-- Canada ports and intermodal terminals
INSERT INTO cities (name, ascii_name, country_code, country_name, lat, lng, population, importance) VALUES
('Port of Vancouver - Deltaport', 'Port of Vancouver - Deltaport', 'CA', 'Canada', 49.0167, -123.1583, 0, 0.9),
('Port of Vancouver - Centerm', 'Port of Vancouver - Centerm', 'CA', 'Canada', 49.2892, -123.1040, 0, 0.9),
('Fraser Surrey Docks (Vancouver)', 'Fraser Surrey Docks (Vancouver)', 'CA', 'Canada', 49.1850, -122.9650, 0, 0.8),
('CP Vancouver Intermodal (Coquitlam)', 'CP Vancouver Intermodal (Coquitlam)', 'CA', 'Canada', 49.2240, -122.7740, 0, 0.8),
('CN Thornton Yard (Surrey)', 'CN Thornton Yard (Surrey)', 'CA', 'Canada', 49.1890, -122.8740, 0, 0.8),
('Port of Prince Rupert - Fairview', 'Port of Prince Rupert - Fairview', 'CA', 'Canada', 54.3150, -130.3200, 0, 0.9),
('CN Calgary Logistics Park (Conrich)', 'CN Calgary Logistics Park (Conrich)', 'CA', 'Canada', 51.1440, -113.8580, 0, 0.7),
('CP Calgary Intermodal (Alyth)', 'CP Calgary Intermodal (Alyth)', 'CA', 'Canada', 51.0400, -114.0320, 0, 0.7),
('CN Edmonton Intermodal Terminal', 'CN Edmonton Intermodal Terminal', 'CA', 'Canada', 53.5700, -113.4030, 0, 0.7),
('CN Winnipeg Symington Yard', 'CN Winnipeg Symington Yard', 'CA', 'Canada', 49.8260, -97.0570, 0, 0.7),
('CP Winnipeg Intermodal Terminal', 'CP Winnipeg Intermodal Terminal', 'CA', 'Canada', 49.8490, -97.1520, 0, 0.7),
('CN Brampton Intermodal Terminal', 'CN Brampton Intermodal Terminal', 'CA', 'Canada', 43.6881, -79.7404, 0, 0.8),
('CP Vaughan Intermodal Terminal', 'CP Vaughan Intermodal Terminal', 'CA', 'Canada', 43.7980, -79.5649, 0, 0.8),
('CN MacMillan Yard (Vaughan)', 'CN MacMillan Yard (Vaughan)', 'CA', 'Canada', 43.8550, -79.5420, 0, 0.8),
('Port of Montreal - Termont Maisonneuve', 'Port of Montreal - Termont Maisonneuve', 'CA', 'Canada', 45.5430, -73.5050, 0, 0.9),
('Port of Montreal - Contrecoeur', 'Port of Montreal - Contrecoeur', 'CA', 'Canada', 45.8080, -73.2010, 0, 0.8),
('Port of Quebec - Beauport', 'Port of Quebec - Beauport', 'CA', 'Canada', 46.8350, -71.1870, 0, 0.7),
('Port of Halifax - South End Container', 'Port of Halifax - South End Container', 'CA', 'Canada', 44.6310, -63.5580, 0, 0.8),
('Port of Halifax - Fairview Cove', 'Port of Halifax - Fairview Cove', 'CA', 'Canada', 44.6750, -63.6100, 0, 0.8),
('Port of Saint John - Rodney Terminal', 'Port of Saint John - Rodney Terminal', 'CA', 'Canada', 45.2560, -66.0666, 0, 0.7),
('Port of Belledune', 'Port of Belledune', 'CA', 'Canada', 47.9080, -65.8470, 0, 0.6),
('Port of Hamilton - Pier 12', 'Port of Hamilton - Pier 12', 'CA', 'Canada', 43.2800, -79.8430, 0, 0.7),
('Port of Oshawa', 'Port of Oshawa', 'CA', 'Canada', 43.8810, -78.8190, 0, 0.6),
('CN Moncton Intermodal Terminal', 'CN Moncton Intermodal Terminal', 'CA', 'Canada', 46.1220, -64.7310, 0, 0.6)
ON CONFLICT (name, country_code) DO NOTHING;

-- Canada air cargo hubs
INSERT INTO cities (name, ascii_name, country_code, country_name, lat, lng, population, importance) VALUES
('Toronto Pearson Cargo (YYZ)', 'Toronto Pearson Cargo (YYZ)', 'CA', 'Canada', 43.6767, -79.6306, 0, 0.9),
('Hamilton John C. Munro Cargo (YHM)', 'Hamilton John C. Munro Cargo (YHM)', 'CA', 'Canada', 43.1640, -79.9280, 0, 0.8),
('Vancouver International Cargo (YVR)', 'Vancouver International Cargo (YVR)', 'CA', 'Canada', 49.1967, -123.1815, 0, 0.9),
('Calgary International Cargo (YYC)', 'Calgary International Cargo (YYC)', 'CA', 'Canada', 51.1314, -114.0106, 0, 0.8),
('Edmonton International Cargo (YEG)', 'Edmonton International Cargo (YEG)', 'CA', 'Canada', 53.3050, -113.5790, 0, 0.7),
('Montreal-Trudeau Cargo (YUL)', 'Montreal-Trudeau Cargo (YUL)', 'CA', 'Canada', 45.4706, -73.7408, 0, 0.8),
('Montreal-Mirabel Cargo (YMX)', 'Montreal-Mirabel Cargo (YMX)', 'CA', 'Canada', 45.6819, -74.0053, 0, 0.8),
('Winnipeg Richardson Cargo (YWG)', 'Winnipeg Richardson Cargo (YWG)', 'CA', 'Canada', 49.9099, -97.2373, 0, 0.7),
('Halifax Stanfield Cargo (YHZ)', 'Halifax Stanfield Cargo (YHZ)', 'CA', 'Canada', 44.8800, -63.5086, 0, 0.7),
('Moncton/Dieppe Cargo (YQM)', 'Moncton/Dieppe Cargo (YQM)', 'CA', 'Canada', 46.1122, -64.6786, 0, 0.6)
ON CONFLICT (name, country_code) DO NOTHING;

-- Mexico northern border logistics gateways and produce corridors
INSERT INTO cities (name, ascii_name, country_code, country_name, lat, lng, population, importance) VALUES
('Tijuana', 'Tijuana', 'MX', 'Mexico', 32.5149, -117.0382, 0, 0.9),
('Mexicali', 'Mexicali', 'MX', 'Mexico', 32.6245, -115.4523, 0, 0.8),
('San Luis Rio Colorado', 'San Luis Rio Colorado', 'MX', 'Mexico', 32.4561, -114.7710, 0, 0.7),
('San Quintin', 'San Quintin', 'MX', 'Mexico', 30.4830, -115.9500, 0, 0.6),
('Nogales (MX)', 'Nogales (MX)', 'MX', 'Mexico', 31.3086, -110.9422, 0, 0.8),
('Agua Prieta', 'Agua Prieta', 'MX', 'Mexico', 31.3223, -109.5489, 0, 0.6),
('Hermosillo', 'Hermosillo', 'MX', 'Mexico', 29.0729, -110.9559, 0, 0.8),
('Ciudad Obregon', 'Ciudad Obregon', 'MX', 'Mexico', 27.4828, -109.9304, 0, 0.7),
('Guaymas', 'Guaymas', 'MX', 'Mexico', 27.9123, -110.9040, 0, 0.7),
('Los Mochis', 'Los Mochis', 'MX', 'Mexico', 25.7907, -108.9859, 0, 0.6),
('Culiacan', 'Culiacan', 'MX', 'Mexico', 24.8091, -107.3940, 0, 0.8),
('Mazatlan', 'Mazatlan', 'MX', 'Mexico', 23.2494, -106.4111, 0, 0.6),
('Ciudad Juarez', 'Ciudad Juarez', 'MX', 'Mexico', 31.6904, -106.4245, 0, 0.9),
('Chihuahua', 'Chihuahua', 'MX', 'Mexico', 28.6329, -106.0691, 0, 0.8),
('Ojinaga', 'Ojinaga', 'MX', 'Mexico', 29.5645, -104.4163, 0, 0.6),
('Nuevo Laredo', 'Nuevo Laredo', 'MX', 'Mexico', 27.5064, -99.5075, 0, 1.0),
('Piedras Negras', 'Piedras Negras', 'MX', 'Mexico', 28.6914, -100.5459, 0, 0.7),
('Ciudad Acuna', 'Ciudad Acuna', 'MX', 'Mexico', 29.3237, -100.9537, 0, 0.6),
('Reynosa', 'Reynosa', 'MX', 'Mexico', 26.0929, -98.2778, 0, 0.9),
('Matamoros', 'Matamoros', 'MX', 'Mexico', 25.8690, -97.5024, 0, 0.8)
ON CONFLICT (name, country_code) DO NOTHING;

-- Mexico northeast industrial corridor and Bajio distribution belt
INSERT INTO cities (name, ascii_name, country_code, country_name, lat, lng, population, importance) VALUES
('Monterrey', 'Monterrey', 'MX', 'Mexico', 25.6866, -100.3161, 0, 1.0),
('Apodaca', 'Apodaca', 'MX', 'Mexico', 25.7773, -100.1965, 0, 0.8),
('Escobedo (NL)', 'Escobedo (NL)', 'MX', 'Mexico', 25.7930, -100.3179, 0, 0.8),
('Santa Catarina (NL)', 'Santa Catarina (NL)', 'MX', 'Mexico', 25.6769, -100.4588, 0, 0.8),
('Guadalupe (NL)', 'Guadalupe (NL)', 'MX', 'Mexico', 25.6768, -100.2565, 0, 0.8),
('Salinas Victoria', 'Salinas Victoria', 'MX', 'Mexico', 25.9530, -100.2910, 0, 0.7),
('Interpuerto Monterrey (Salinas Victoria)', 'Interpuerto Monterrey (Salinas Victoria)', 'MX', 'Mexico', 25.9467, -100.2071, 0, 0.8),
('Saltillo', 'Saltillo', 'MX', 'Mexico', 25.4380, -100.9738, 0, 0.9),
('Ramos Arizpe', 'Ramos Arizpe', 'MX', 'Mexico', 25.5478, -100.9475, 0, 0.8),
('Monclova', 'Monclova', 'MX', 'Mexico', 26.9069, -101.4206, 0, 0.7),
('Torreon', 'Torreon', 'MX', 'Mexico', 25.5426, -103.4068, 0, 0.8),
('Gomez Palacio', 'Gomez Palacio', 'MX', 'Mexico', 25.5692, -103.4956, 0, 0.7),
('Durango (MX)', 'Durango (MX)', 'MX', 'Mexico', 24.0259, -104.6532, 0, 0.6),
('San Luis Potosi', 'San Luis Potosi', 'MX', 'Mexico', 22.1565, -100.9855, 0, 0.9),
('Interpuerto San Luis Potosi (Villa de Reyes)', 'Interpuerto San Luis Potosi (Villa de Reyes)', 'MX', 'Mexico', 21.8055, -100.9307, 0, 0.8),
('Queretaro', 'Queretaro', 'MX', 'Mexico', 20.5888, -100.3899, 0, 0.9),
('Logistics Park Queretaro (El Marques)', 'Logistics Park Queretaro (El Marques)', 'MX', 'Mexico', 20.6238, -100.2530, 0, 0.8),
('Celaya', 'Celaya', 'MX', 'Mexico', 20.5235, -100.8157, 0, 0.8),
('Irapuato', 'Irapuato', 'MX', 'Mexico', 20.6767, -101.3563, 0, 0.7),
('Silao (Guanajuato Puerto Interior)', 'Silao (Guanajuato Puerto Interior)', 'MX', 'Mexico', 20.9425, -101.4370, 0, 0.8),
('Leon', 'Leon', 'MX', 'Mexico', 21.1226, -101.6841, 0, 0.8),
('Aguascalientes', 'Aguascalientes', 'MX', 'Mexico', 21.8823, -102.2826, 0, 0.8),
('Lagos de Moreno', 'Lagos de Moreno', 'MX', 'Mexico', 21.3557, -101.9346, 0, 0.6),
('Guadalajara', 'Guadalajara', 'MX', 'Mexico', 20.6597, -103.3496, 0, 0.9),
('Zapopan', 'Zapopan', 'MX', 'Mexico', 20.7160, -103.4000, 0, 0.8),
('El Salto (Jalisco)', 'El Salto (Jalisco)', 'MX', 'Mexico', 20.5171, -103.1510, 0, 0.7),
('Tlajomulco de Zuniga', 'Tlajomulco de Zuniga', 'MX', 'Mexico', 20.4742, -103.4437, 0, 0.7),
('Mexico City', 'Mexico City', 'MX', 'Mexico', 19.4326, -99.1332, 0, 1.0),
('Cuautitlan Izcalli', 'Cuautitlan Izcalli', 'MX', 'Mexico', 19.6490, -99.2150, 0, 0.8),
('Tepotzotlan', 'Tepotzotlan', 'MX', 'Mexico', 19.7064, -99.2106, 0, 0.7),
('Huehuetoca', 'Huehuetoca', 'MX', 'Mexico', 19.8332, -99.2089, 0, 0.6),
('Tizayuca', 'Tizayuca', 'MX', 'Mexico', 19.8374, -98.9866, 0, 0.7),
('Toluca', 'Toluca', 'MX', 'Mexico', 19.2826, -99.6557, 0, 0.8),
('Puebla', 'Puebla', 'MX', 'Mexico', 19.0413, -98.2062, 0, 0.8),
('San Martin Texmelucan', 'San Martin Texmelucan', 'MX', 'Mexico', 19.2860, -98.4396, 0, 0.7)
ON CONFLICT (name, country_code) DO NOTHING;

-- Mexico ports and energy/petrochemical corridors
INSERT INTO cities (name, ascii_name, country_code, country_name, lat, lng, population, importance) VALUES
('Veracruz', 'Veracruz', 'MX', 'Mexico', 19.1738, -96.1342, 0, 0.9),
('Port of Veracruz - Zona Norte', 'Port of Veracruz - Zona Norte', 'MX', 'Mexico', 19.2055, -96.1360, 0, 0.9),
('Altamira', 'Altamira', 'MX', 'Mexico', 22.3977, -97.9384, 0, 0.8),
('Port of Altamira Container Terminal', 'Port of Altamira Container Terminal', 'MX', 'Mexico', 22.4235, -97.8995, 0, 0.8),
('Tampico', 'Tampico', 'MX', 'Mexico', 22.2331, -97.8611, 0, 0.7),
('Coatzacoalcos', 'Coatzacoalcos', 'MX', 'Mexico', 18.1420, -94.4486, 0, 0.8),
('Minatitlan', 'Minatitlan', 'MX', 'Mexico', 17.9892, -94.5561, 0, 0.7),
('Dos Bocas', 'Dos Bocas', 'MX', 'Mexico', 18.4560, -93.2140, 0, 0.7),
('Villahermosa', 'Villahermosa', 'MX', 'Mexico', 17.9892, -92.9475, 0, 0.8),
('Ciudad del Carmen', 'Ciudad del Carmen', 'MX', 'Mexico', 18.6492, -91.8294, 0, 0.8),
('Salina Cruz', 'Salina Cruz', 'MX', 'Mexico', 16.1686, -95.2026, 0, 0.7),
('Lazaro Cardenas', 'Lazaro Cardenas', 'MX', 'Mexico', 17.9587, -102.1820, 0, 0.9),
('Port of Lazaro Cardenas - APM Terminals', 'Port of Lazaro Cardenas - APM Terminals', 'MX', 'Mexico', 17.9760, -102.1660, 0, 0.9),
('Manzanillo', 'Manzanillo', 'MX', 'Mexico', 19.1138, -104.3185, 0, 0.9),
('Port of Manzanillo - SSA Pacifico', 'Port of Manzanillo - SSA Pacifico', 'MX', 'Mexico', 19.0500, -104.2670, 0, 0.9),
('Ensenada', 'Ensenada', 'MX', 'Mexico', 31.8650, -116.5997, 0, 0.7),
('Poza Rica', 'Poza Rica', 'MX', 'Mexico', 20.5332, -97.4595, 0, 0.6),
('Tula de Allende', 'Tula de Allende', 'MX', 'Mexico', 20.0524, -99.3425, 0, 0.6),
('Cadereyta Jimenez', 'Cadereyta Jimenez', 'MX', 'Mexico', 25.5846, -100.0010, 0, 0.7),
('Progreso (Yucatan)', 'Progreso (Yucatan)', 'MX', 'Mexico', 21.2836, -89.6641, 0, 0.7)
ON CONFLICT (name, country_code) DO NOTHING;

-- Mexico air cargo and cold chain hubs
INSERT INTO cities (name, ascii_name, country_code, country_name, lat, lng, population, importance) VALUES
('Mexico City International Cargo (AICM)', 'Mexico City International Cargo (AICM)', 'MX', 'Mexico', 19.4350, -99.0729, 0, 1.0),
('Felipe Angeles International Cargo (NLU)', 'Felipe Angeles International Cargo (NLU)', 'MX', 'Mexico', 19.7563, -99.0180, 0, 0.8),
('Toluca International Cargo (TLC)', 'Toluca International Cargo (TLC)', 'MX', 'Mexico', 19.3382, -99.5660, 0, 0.7),
('Guadalajara Air Cargo (GDL)', 'Guadalajara Air Cargo (GDL)', 'MX', 'Mexico', 20.5247, -103.2990, 0, 0.8),
('Monterrey Air Cargo (MTY)', 'Monterrey Air Cargo (MTY)', 'MX', 'Mexico', 25.7785, -100.1071, 0, 0.8),
('Queretaro Intercontinental Cargo (QRO)', 'Queretaro Intercontinental Cargo (QRO)', 'MX', 'Mexico', 20.6194, -100.1857, 0, 0.8),
('Tijuana Air Cargo (TIJ)', 'Tijuana Air Cargo (TIJ)', 'MX', 'Mexico', 32.5411, -116.9739, 0, 0.7),
('Ciudad Juarez Air Cargo (CJS)', 'Ciudad Juarez Air Cargo (CJS)', 'MX', 'Mexico', 31.6361, -106.4276, 0, 0.6),
('Hermosillo Air Cargo (HMO)', 'Hermosillo Air Cargo (HMO)', 'MX', 'Mexico', 29.0959, -111.0471, 0, 0.6),
('Merida Air Cargo (MID)', 'Merida Air Cargo (MID)', 'MX', 'Mexico', 20.9360, -89.6577, 0, 0.6),
('Cancun Air Cargo (CUN)', 'Cancun Air Cargo (CUN)', 'MX', 'Mexico', 21.0405, -86.8740, 0, 0.6),
('Villahermosa Air Cargo (VSA)', 'Villahermosa Air Cargo (VSA)', 'MX', 'Mexico', 17.9970, -92.8174, 0, 0.6),
('Reynosa Air Cargo (REX)', 'Reynosa Air Cargo (REX)', 'MX', 'Mexico', 26.0100, -98.2285, 0, 0.6),
('San Luis Potosi Air Cargo (SLP)', 'San Luis Potosi Air Cargo (SLP)', 'MX', 'Mexico', 22.2551, -100.9310, 0, 0.6)
ON CONFLICT (name, country_code) DO NOTHING;
